Image,Id
e2cdae24-7f1d-4abb-9a71-4db192594c23.jpg,new_whale
e2d457a0-fde2-43ad-9b17-485961eeae3d.jpg,new_whale
e2dfb333-bcdf-46fc-91d2-1598acbccc22.jpg,new_whale
e2e15c08-d977-4ece-994f-eb88a2dced28.jpg,new_whale
e2f1a46d-da06-4700-94b7-97a9cb87a2da.jpg,new_whale
e2fd3f58-697e-4460-b566-ff4e65a6902b.jpg,new_whale
e3179b16-be7c-4ead-8b22-8e86cae02b84.jpg,new_whale
e3282778-0821-478f-9c81-b146f55ca7bc.jpg,new_whale
e35e5632-dc48-4a0c-b552-93c2f01d4c3e.jpg,new_whale
e3d3adce-1db2-4dec-88ea-4bef4d9c63e3.jpg,new_whale
e3e29e93-6487-4df1-b520-0be7341f4b01.jpg,new_whale
e3e8ac17-16ab-4b4a-82b3-66791718b5de.jpg,new_whale
e419e83d-c9c0-4708-ab78-15e8eb097525.jpg,new_whale
e46d097c-b09f-4061-b651-d1a3d0025016.jpg,new_whale
e4e78c25-1c61-4cfd-b87e-99e1170486f1.jpg,new_whale
e4ebe4c5-0cb7-438a-9df3-4982e1f9028b.jpg,new_whale
e520311b-c6b0-44cd-9a0e-4b89fd0b1850.jpg,new_whale
e523e17e-dab2-4937-a9de-b88306efd35b.jpg,new_whale
e5350928-ad3e-44db-80e7-1e5f6d68c153.jpg,new_whale
e55770f5-a4ad-486b-b5ae-5edce6c23ce3.jpg,new_whale
e572521f-a8c5-41e9-aea1-5279f706b596.jpg,new_whale
e5ae948d-48cf-4db0-9f8f-67d65768f22e.jpg,new_whale
e6078124-e823-460f-9ee7-42cf7a2a1f3c.jpg,new_whale
e60f0604-fda8-4644-b0d6-20a50315b951.jpg,new_whale
e611d764-07a4-4c83-a147-15d44ee915bf.jpg,new_whale
e6c2c75b-0e1c-4177-92a5-778e2dccbbff.jpg,new_whale
e6d9758d-60aa-4226-8ee5-adfd37a034f7.jpg,new_whale
e6e88e52-9f56-4776-8e89-051162d383a6.jpg,new_whale
e6f23b73-c535-4fac-acbe-39f49f737c27.jpg,new_whale
e6f37412-33bf-4d30-8312-4619acc2557e.jpg,new_whale
e7059b57-20e2-4543-8203-adb9239e81b7.jpg,new_whale
e716a532-3d95-4b3b-9794-7c49fb318083.jpg,new_whale
e734a8da-8955-4236-a605-708272f99a1c.jpg,new_whale
e73900bd-3e48-4770-92fd-aa2b173a14f4.jpg,new_whale
e749f3c0-4cb3-4ca9-ad33-beaab751feb3.jpg,new_whale
e74e901f-583e-4a06-8e7b-fbd387a87407.jpg,new_whale
e759ae12-5930-4170-b3c4-9f30f7c0b855.jpg,new_whale
e780c15b-908c-435d-a72e-4f946ac9835e.jpg,new_whale
e79a1fab-d95d-447d-98a3-36647fd65366.jpg,new_whale
e7c76b94-0c53-4517-bb25-52c1da6a893d.jpg,new_whale
e7e2d1ec-7e01-4a5d-9584-363887da5a98.jpg,new_whale
e7f574da-4bed-4481-8b71-2eb19462c45d.jpg,new_whale
e7fb1527-dbb5-49e7-9b72-96e705b9ab85.jpg,new_whale
e81aedf7-ef97-44ce-94e9-6a23fa9fd543.jpg,new_whale
e8299dee-f980-4be8-b3f3-cf2ddad35f81.jpg,new_whale
e8370093-8a1f-4e53-8ee7-32c3aef8a62b.jpg,new_whale
e84255b3-fe06-44cc-a07f-c45954841b3e.jpg,new_whale
e88fafbb-b72d-4e37-9fac-fe60e45a0fb2.jpg,new_whale
e8995e58-5e94-436e-b401-e6447f09e173.jpg,new_whale
e8a58db3-5e4b-49c9-9422-3f5a972b4811.jpg,new_whale
e8bc425c-a8d7-48cd-bd68-6c4b79d5903d.jpg,new_whale
e8e94027-c203-4d3a-aa4e-b8e4de169f1a.jpg,new_whale
e8ed70cc-9e2b-49e3-a9e0-58bc95d658b4.jpg,new_whale
e8ef9fc2-ab50-4bba-9503-49809e498018.jpg,new_whale
e92f6c05-e839-4391-aa7b-8a5e52ce45c0.jpg,new_whale
e973989f-bd87-459b-921a-da0e9268f892.jpg,new_whale
e98159ff-91ab-42df-a991-a7f2660b3a3e.jpg,new_whale
e9d17321-1214-4193-aefa-5f0695361050.jpg,new_whale
e9db69cc-abc2-4989-a286-38e42b0f1cb0.jpg,new_whale
e9e43cb3-63fe-4519-8a57-56f2f5050917.jpg,new_whale
e9e5815b-3ced-4732-a1bf-5b13bdcd27c3.jpg,new_whale
ea12e0b2-fe0b-465a-967a-da57f2bdd60b.jpg,new_whale
ea37be43-683f-4c7a-b401-75d256a1cab3.jpg,new_whale
eaa1911b-7be5-4d1c-baba-3d3eac16b52c.jpg,new_whale
eaaaf230-3b8c-4321-9f64-5a9f59858fba.jpg,new_whale
eab9e1eb-84d7-4a37-965c-d6aaf7c0f81f.jpg,new_whale
ead637b3-4147-49af-875d-2d8b20b2c7a9.jpg,new_whale
ead7c4d3-4a4c-46c8-8223-6da82b234233.jpg,new_whale
eadff7da-65e7-40c8-b7e4-e69e5ff39b72.jpg,new_whale
eae79837-d8c6-48ac-a177-7878ad8d2422.jpg,new_whale
eb021a33-a3c7-46e9-b465-399f0db423b6.jpg,new_whale
eb0f0e54-97a6-4e41-bbd2-aab605a2a770.jpg,new_whale
eb4135ee-ce9d-4e44-89be-4b401693a059.jpg,new_whale
eb47df46-9670-4f40-8a51-48e4d1d9a5d3.jpg,new_whale
eb9900c3-a605-45b1-867a-18ad3f24a3da.jpg,new_whale
eb9cb681-bf98-4fdf-af77-936d39640add.jpg,new_whale
ebb1c277-3035-4782-bbbf-46813e22e358.jpg,new_whale
ebdaded6-d87e-4065-8f23-7e6172d6def3.jpg,new_whale
ebdb1933-2a1c-44e7-8a6d-e24425e451c7.jpg,new_whale
ebec5e82-084c-46f3-9d6c-b2a24f8eb01b.jpg,new_whale
ebf1aa2c-bfc1-4272-b16a-f7352f15b362.jpg,new_whale
ec2eaf4a-12f7-4982-a5a8-c71cb728069c.jpg,new_whale
ec394803-533e-41a6-9d01-fae04fd0445b.jpg,new_whale
ec3da9ef-3729-4bf0-94a4-e086c7f43e67.jpg,new_whale
ec4c7ab2-cb65-47bd-b153-753febdf7134.jpg,new_whale
ec5adf8b-1207-411e-ab51-a5e681d8d40d.jpg,new_whale
ec5d643b-5dab-4233-8549-aa21617a04ad.jpg,new_whale
ec7104c9-748b-4d58-996f-ecbcd18cac83.jpg,new_whale
ec7c64ae-d776-41ec-b80a-f08e9a033e51.jpg,new_whale
ec7dc28a-61fb-4d0a-84de-847426f0c378.jpg,new_whale
ec814674-70e1-4bc3-bd34-1a4943873e36.jpg,new_whale
ec861d7a-db17-478f-8eec-1afe0ca0ade1.jpg,new_whale
ec9f3b62-fff0-43cd-895e-aea99fc94660.jpg,new_whale
eccc819f-06c0-4663-8dd1-085b1f54ccaf.jpg,new_whale
ecd0bd22-5f4b-4c97-905d-fcbf25b30872.jpg,new_whale
ecd76793-ae73-4d82-bf54-4a65b976b4c3.jpg,new_whale
ece9da35-da3d-485f-8ea8-371eee496e52.jpg,new_whale
ed01c3bf-5919-4c62-ae4b-b0dd832f33db.jpg,new_whale
ed0d8029-57cc-493c-9618-66965ccb775e.jpg,new_whale
ed13398b-8ae9-429f-8eae-57c3a28eea01.jpg,new_whale
ed14c122-d4e6-4fa3-83e9-ac8dcddc61d8.jpg,new_whale
ed493fc8-728c-41af-b970-ebac9d60dfd1.jpg,new_whale
ed5491d0-dcac-4f85-9f98-6753dd7a7815.jpg,new_whale
ed96024a-9574-4a9b-91f7-62e06349c0c1.jpg,new_whale
edb920c4-ba52-4562-801c-de12ca4a9d2b.jpg,new_whale
edcbb556-49b8-40df-a55f-a48c9d65fdb0.jpg,new_whale
edcffb6a-1f37-4c95-8075-56794c40bcd4.jpg,new_whale
edfea669-3ad8-4efb-abbe-027d49b46a9c.jpg,new_whale
ee68d146-1526-4656-80da-dd58fb29aef6.jpg,new_whale
ef28887f-91d8-49c7-899c-d9d4a9e747bb.jpg,new_whale
ef4b7e10-67f6-49b4-91a4-59c90d6b2128.jpg,new_whale
ef6108b6-c14e-4f82-b250-c27ac7703004.jpg,new_whale
ef8169ac-584f-4c47-8401-d79ee8911022.jpg,new_whale
ef8aee25-3892-4b47-8665-6e0e34874f75.jpg,new_whale
ef91a180-dcea-4f9e-9cf9-af3ab4924233.jpg,new_whale
efb76a55-7351-4330-9555-b7adca7ae90b.jpg,new_whale
efcd8be5-9a2c-4167-b027-9672879edaf0.jpg,new_whale
efe66620-94bb-4ef7-8952-aeb1364e396a.jpg,new_whale
f01034f0-4d9e-4682-886d-f9b580d09139.jpg,new_whale
f015d12a-ffe4-494b-9f28-8a3a7264f669.jpg,new_whale
f02510ca-cea6-4595-a7b8-41112323c807.jpg,new_whale
f02d64c8-4d98-4456-a9c3-07f8c7d4afd9.jpg,new_whale
f06aa71f-8810-4fe7-976f-dcbb85b82cdf.jpg,new_whale
f06bf183-b789-4ea9-817d-1c9796cf1ec3.jpg,new_whale
f0857e63-0656-47c0-9b84-a568faa1920c.jpg,new_whale
f0a5b334-9e56-477d-9290-827a5530e1c7.jpg,new_whale
f0d27190-8a01-4484-9402-120753301b26.jpg,new_whale
f0d2cb53-3669-45ad-b7ea-99563fea0bd6.jpg,new_whale
f1122bdd-2338-4ba7-a14c-ac19c930775f.jpg,new_whale
f127de46-3c16-44f5-a3ee-a034f241eb76.jpg,new_whale
f130e3b6-a4cd-4b0d-a0ca-99040706f63a.jpg,new_whale
f1328446-f3d8-45dd-ab75-04161f994ed2.jpg,new_whale
f1443982-cae0-4fe1-901b-dfc58a1bc2c5.jpg,new_whale
f1588771-116c-4732-a5c3-04f3e011ce0d.jpg,new_whale
f1882cda-a161-4076-998f-bf9947c444e4.jpg,new_whale
f1a59305-2873-4b78-8153-111777999fb5.jpg,new_whale
f2228b28-481a-415e-9240-e88d92e55164.jpg,new_whale
f22de7f6-a630-4091-a2ad-60dee716bafb.jpg,new_whale
f23f04a0-75e9-4554-a8ee-60194c9690f4.jpg,new_whale
f267bad2-baaa-49df-83f2-67e3ec6d0270.jpg,new_whale
f2728193-552f-49a9-8e10-8afd4478eee2.jpg,new_whale
f2a9f577-ddfd-49f6-afcd-d9abbc92646a.jpg,new_whale
f2d66ea5-7c11-4e71-82f5-b8330cf1bff9.jpg,new_whale
f2eaf41b-e596-41b5-ad8d-d00801808829.jpg,new_whale
f2f828d8-96b6-467a-943f-3fa3d70ba64d.jpg,new_whale
f3211019-2377-4f79-a64c-1660690fa9eb.jpg,new_whale
f32691ea-2166-44a8-af43-e29fdae397a7.jpg,new_whale
f35fb1a6-4dd3-421a-a022-f68aef182f7e.jpg,new_whale
f37c76c5-866b-45d1-b2c7-2acafd2ad07f.jpg,new_whale
f3aebb74-e0bf-4ea7-a551-ca7513a3548d.jpg,new_whale
f3b1146d-bd34-44b7-bd73-78d865c3f1f9.jpg,new_whale
f3c79d6b-3ef8-46a5-8e2c-930682c860b1.jpg,new_whale
f3ea54ea-fa74-4034-9210-c00b74014ef2.jpg,new_whale
f3f4f521-c435-4673-bc86-d099181364d1.jpg,new_whale
f40b0d2a-0494-4956-b75e-11b0ca590b5f.jpg,new_whale
f40e70a1-6533-41c7-a853-ad1725cc8cbe.jpg,new_whale
f41e6e13-5b4d-4173-8a8b-1bdf95821f08.jpg,new_whale
f44bd263-1053-486c-8a32-14cfb3b4060f.jpg,new_whale
f460eac7-fcd7-43ef-a80d-104365f67d2e.jpg,new_whale
f47c010d-9378-4c1b-920d-bf1c165ba61b.jpg,new_whale
f492f4e3-3ad7-4ce2-be55-b4930e35abb6.jpg,new_whale
f498679f-eefd-472d-a3bf-edd876745a6b.jpg,new_whale
f4b76e79-4c3a-4a0d-956b-d56bd1078be4.jpg,new_whale
f4d71a46-970d-43d9-9893-17c82ae3804b.jpg,new_whale
f4eb29f2-cd64-4c74-8f3e-5f70d6c093d6.jpg,new_whale
f4f1b2c4-78ae-4119-8aea-2cd1eafd9a12.jpg,new_whale
f52ae295-fadf-4030-a87a-b7e7720ce71c.jpg,new_whale
f532cd00-901b-4bcb-b104-65fc85fe8325.jpg,new_whale
f54b1614-c4fb-4163-bd58-e970f5b81625.jpg,new_whale
f5808731-ebd5-4673-9c5e-726468eb9aec.jpg,new_whale
f5b76336-1ee8-4dd9-8ef9-3df2a0a5d04d.jpg,new_whale
f5cd2f81-3547-4f84-a772-d787fad7d90e.jpg,new_whale
f5d737c5-cb79-462a-93df-5367b27f2ca5.jpg,new_whale
f6185168-a69d-496c-abbc-c63454f1ef47.jpg,new_whale
f635cf1a-3ac9-4845-bbe4-b714a122d7d8.jpg,new_whale
f65805ea-4936-41b9-a9af-3ce402c97a01.jpg,new_whale
f680d470-5408-40b0-8764-ff526b01b481.jpg,new_whale
f6e6e6e9-818b-4f83-b2a4-6cbc0f6bf467.jpg,new_whale
f701413e-b029-46f9-abeb-c6876129ba87.jpg,new_whale
f72e5d57-4e6c-49fb-b98a-3b989a849e76.jpg,new_whale
f75649b7-dfa3-4b8b-82c7-73ef10ea741d.jpg,new_whale
f78d4644-94d8-41c4-b76a-d8656b2b21a9.jpg,new_whale
f7966cad-afeb-44d8-ad2f-1e0adf939278.jpg,new_whale
f7b681c3-c3ad-430f-af60-f85618e0e6bb.jpg,new_whale
f8042c26-fe47-4c57-a091-7c86ea6aee9e.jpg,new_whale
f8230a37-bfbd-4da9-a401-2947e23f253c.jpg,new_whale
f852d2a3-f3ff-4dc0-bb15-949e28bcd8bd.jpg,new_whale
f85bc589-da40-49b1-bd65-ab5d6462b4c5.jpg,new_whale
f892aa7c-21be-42d7-80e6-72c52e464d50.jpg,new_whale
f8a25d8c-b79d-4c3b-99d3-198ba561739b.jpg,new_whale
f8b0e4d5-8c3b-4253-8947-aae620db999d.jpg,new_whale
f8c69572-b57a-43cc-baf3-9b9d239f4fcd.jpg,new_whale
f8fc7fe0-cc0a-4be1-9fd8-c138d483b61a.jpg,new_whale
f92773cb-d284-4634-9f55-8716f168a375.jpg,new_whale
f92e5e97-606b-4fe8-89d2-175c403c466f.jpg,new_whale
f950441c-d428-43a5-a43c-8c91f905f2f7.jpg,new_whale
f958c729-c4ec-4820-9211-62111fd4bc48.jpg,new_whale
f9756853-34ed-42fb-a26f-a8da7b1547bc.jpg,new_whale
f98b57b8-e4a2-4a0e-9317-b6a674a15ce5.jpg,new_whale
f9def66a-07f5-493d-800e-717e7a25c5eb.jpg,new_whale
fa118d33-a1a7-4d43-84c6-0725a8a60e87.jpg,new_whale
fa6c23cf-9dc0-401e-82c4-35a0f5445e70.jpg,new_whale
fa78bf7d-2403-4ed2-9bcd-1607a8fd2d58.jpg,new_whale
fa80631d-be11-4c5f-8597-956f7f23dee3.jpg,new_whale
fabb3b1d-8978-46f2-a11a-1a26c2140f86.jpg,new_whale
faf220d8-a33e-480a-ac41-20798ca55095.jpg,new_whale
fb0e5c07-8110-4589-a1cf-342397bf614d.jpg,new_whale
fb1681c5-6560-496b-aa7d-6caa2a9d8677.jpg,new_whale
fb206e65-2d3e-4e2f-a4b6-fb9727f3d5ca.jpg,new_whale
fb23fee8-449a-4406-93d6-b59dd3c47cf2.jpg,new_whale
fb2628ed-e3d6-49e1-bcec-d9f6bfd3247b.jpg,new_whale
fb4dbda5-1abf-4d0f-8865-4da67c1e9951.jpg,new_whale
fb564040-698b-4d1a-a914-4619e608c75e.jpg,new_whale
fb581261-ef38-44f9-afa7-4356bcd868b7.jpg,new_whale
fb71f549-9257-4427-bf57-d5cfe6df455f.jpg,new_whale
fb74ff44-ad1f-482b-93c4-22c38273a6ce.jpg,new_whale
fba0c659-2b23-43c5-add6-ee0e48368f16.jpg,new_whale
fbbb1077-a6fd-40ca-a14d-b026afaf08f8.jpg,new_whale
fbbbee10-1de0-452f-89b9-93e60cbeaacb.jpg,new_whale
fbd18653-538a-4ce8-98fa-ddb3e677468c.jpg,new_whale
fbddc20e-7385-4caf-b1c6-c2fef95b3a1a.jpg,new_whale
fc0cce9d-ebaa-4c7e-a723-2c7bb179ae93.jpg,new_whale
fc268152-6c6c-4d8c-8e01-e4c595e0b346.jpg,new_whale
fc35d312-5cac-462a-adc2-914f75a7c2bf.jpg,new_whale
fc4b67f6-0d5f-4590-967f-39cbfaccd02f.jpg,new_whale
fc62edf3-b27b-4798-b9a3-c39ccf165946.jpg,new_whale
fc824144-e855-4e66-997f-ad78d606c105.jpg,new_whale
fcb5573c-fcba-47b4-8314-54f4a25717e5.jpg,new_whale
fcb96413-810e-42ae-a9bc-eb85e1e251a5.jpg,new_whale
fcbd91d2-35af-4b90-94f2-898481a54c96.jpg,new_whale
fccea11d-13f3-4150-bd9a-9ba849fa7743.jpg,new_whale
fcd9c513-6bba-4ee5-8e20-9ed64b957478.jpg,new_whale
fd51b1a4-20a0-4958-8aeb-bbab544702d3.jpg,new_whale
fd73e9de-1358-421a-b773-1822def350e4.jpg,new_whale
fd866ab9-54b9-4c12-a813-335282e5e801.jpg,new_whale
fd8ba5c8-b1c5-4cf5-80dc-4d7230d66be9.jpg,new_whale
fd8dc7ca-2682-4416-9dcb-3e605864139f.jpg,new_whale
fdcc32cc-1ed0-49c2-8e00-292ae85ee9c6.jpg,new_whale
fdd4e6fd-cca3-4d9e-a79a-fca2ba1ca41f.jpg,new_whale
fdebd902-a8cf-4302-bf4f-833f05abd2d3.jpg,new_whale
fe289fb9-a727-4387-9cb5-455fbb2ea319.jpg,new_whale
fe36e6ec-beaa-4354-97f5-ca608f611954.jpg,new_whale
fe56d091-2c2b-463b-b8f5-de793c7c48d2.jpg,new_whale
fe8c10d4-a760-4d10-8b2f-1d9046b43ef3.jpg,new_whale
ff36efba-cd16-49f3-804b-c3346ce418d8.jpg,new_whale
ff98b052-8203-4f57-a1ac-f3e33dcf3ddf.jpg,new_whale
ffc5c037-a53d-49f9-8384-401316590d7c.jpg,new_whale
ffc70499-0c69-45f8-aca5-3d99fc57c91d.jpg,new_whale
d2f30f48-db08-4381-a8af-667833453e0b.jpg,608f2d8b-fd0d-4765-ba66-cb750533c2e2
dc731c05-6433-497c-937f-4725058e78ee.jpg,608f2d8b-fd0d-4765-ba66-cb750533c2e2
e12ee902-8474-4cc6-96c2-f74984de45c7.jpg,608f2d8b-fd0d-4765-ba66-cb750533c2e2
e32be360-0954-441d-8d7a-116fc83c79be.jpg,608f2d8b-fd0d-4765-ba66-cb750533c2e2
e57baed4-633d-44ff-870b-3f80bc34645b.jpg,608f2d8b-fd0d-4765-ba66-cb750533c2e2
ed98514d-8478-4aa0-b9f6-40f411f97474.jpg,608f2d8b-fd0d-4765-ba66-cb750533c2e2
f896a520-e3aa-42aa-af57-c7462310795a.jpg,608f2d8b-fd0d-4765-ba66-cb750533c2e2
961eb079-ee9f-465e-9f5f-e981aa0b43a8.jpg,608f2d8b-fd0d-4765-ba66-cb750533c2e2
f9ef7f6c-3604-4fbf-8432-7d652a53991b.jpg,e313db8f-6191-44bc-b443-f1c8b4e108ef
498a1692-707e-448f-8b83-8d81f22f9ab4.jpg,e313db8f-6191-44bc-b443-f1c8b4e108ef
970f9b78-a1d4-4000-b5a3-aaab90501f12.jpg,49a9d22d-2e92-4f54-bdd8-23702addb93a
e69d2a0c-cd23-477d-9874-a13f1a4bf716.jpg,12068b3d-028a-446e-a05f-02e564a5cf3e
df826955-8ce0-4951-978f-e474b19ee69a.jpg,12068b3d-028a-446e-a05f-02e564a5cf3e
f5090176-a882-425b-b827-62d6a3ae4e3b.jpg,97487986-4b7c-4ace-af8e-5cacc0f7a85d
e35246dd-951e-498a-9ad7-f0c7ff18cadb.jpg,97487986-4b7c-4ace-af8e-5cacc0f7a85d
c29b0e04-6a5a-4305-9e55-dc005ed7d078.jpg,5a88c993-06f9-4151-9bc2-e4e5a93cbe97
b544355d-52d4-4db7-a66b-57a7411a3b1e.jpg,5a88c993-06f9-4151-9bc2-e4e5a93cbe97
bbdecd8f-e871-4c54-b182-4efa869b5c83.jpg,23b3acf4-e90e-423f-8f8e-434d749ea566
c47a44d8-e41c-4e16-a853-b53eb5fb7e59.jpg,23b3acf4-e90e-423f-8f8e-434d749ea566
e8cd41b8-9159-45b4-bae3-ca01cb0b7eae.jpg,23b3acf4-e90e-423f-8f8e-434d749ea566
ea2baae0-5404-4385-a80e-10118c0b9c5a.jpg,23b3acf4-e90e-423f-8f8e-434d749ea566
f2f4d528-9488-4ebb-b288-ce282b62fabd.jpg,23b3acf4-e90e-423f-8f8e-434d749ea566
282f51c2-f2e8-4f84-a6d0-0367e63ed3a9.jpg,23b3acf4-e90e-423f-8f8e-434d749ea566
89b3fd36-635f-4fb0-a3fc-d175efd727cc.jpg,6d00f9d1-816d-4acc-a2e2-c36b0449a12d
7043108d-a9a9-4b10-bd2c-e18bc672d6c7.jpg,9f5d6f7e-e3bf-438d-9e57-cec9f079ff14
fc1abcb2-4755-46ef-96a1-7859ecaae66c.jpg,ecf8aaaa-5d76-4e2e-999d-591e5a9c4e21
fddcb7be-f1f2-4aa1-9158-1a640ae2b458.jpg,ecf8aaaa-5d76-4e2e-999d-591e5a9c4e21
a2a354cc-533b-4a41-ab9f-600eb9065cfe.jpg,ecf8aaaa-5d76-4e2e-999d-591e5a9c4e21
cc1cb5e3-9179-40d2-bdd7-4ff12d7d49bf.jpg,827f93c1-4de5-42fb-8b77-8a5b0a38fcf4
d07ed79d-c7c5-4d3a-a653-9b03645e739e.jpg,827f93c1-4de5-42fb-8b77-8a5b0a38fcf4
8d1a2aa6-6780-4fcf-9ef8-bc4276d6ead8.jpg,827f93c1-4de5-42fb-8b77-8a5b0a38fcf4
880390b0-4371-492e-8d69-6a6f6b31448e.jpg,a33f256d-685c-4d7f-a575-4008221e4fb6
b867a588-cb54-4c84-92bd-fa4a762a6873.jpg,856c092a-e4a3-47b0-94ee-863ba93f9f63
1ae17eea-d166-4d09-8488-d56e90f3a2ec.jpg,5e997973-7aaf-460c-9526-006ae2426c9e
fff53ffd-ebae-4273-841a-c7cc6ac6edf7.jpg,dd03a109-ca4a-400d-852d-cd47fbe42028
4014eefe-56af-4b88-8094-3fac1bb2d6b1.jpg,dd03a109-ca4a-400d-852d-cd47fbe42028
f7483b67-4a3e-4a01-8aee-a31108dfe6d0.jpg,1861efc4-11d6-4609-8187-aaa501d23731
f76a97f2-ef65-413b-b510-317f44e13ee5.jpg,1861efc4-11d6-4609-8187-aaa501d23731
ffd06aed-f36d-41c5-9e60-5cea93c64b92.jpg,1861efc4-11d6-4609-8187-aaa501d23731
17718875-40f4-44d3-b9c8-4823b0dcf8fd.jpg,1861efc4-11d6-4609-8187-aaa501d23731
736afbe6-92ed-4125-b783-ed8c1f63f40d.jpg,2db3c1a2-871e-4bd0-8393-531d394db3fa
ea57b593-52d7-4310-89e6-4f6e2ec31456.jpg,78806020-83fc-41dd-a66c-216ce7e6aab7
ec6ec2eb-363c-445f-b4d8-9322ebd4a77f.jpg,78806020-83fc-41dd-a66c-216ce7e6aab7
f01eb537-a381-4a41-81db-0aa3a94bc3e0.jpg,78806020-83fc-41dd-a66c-216ce7e6aab7
f32fec00-bbe5-4f34-a775-415f78018d8a.jpg,78806020-83fc-41dd-a66c-216ce7e6aab7
f5dd3e2e-f29d-4f67-89ea-95e80726b42b.jpg,78806020-83fc-41dd-a66c-216ce7e6aab7
f6b4bc66-9c98-4930-8ef3-c7ba6e24a77f.jpg,78806020-83fc-41dd-a66c-216ce7e6aab7
f8dc8404-5684-43ec-8454-306cba5ed74a.jpg,78806020-83fc-41dd-a66c-216ce7e6aab7
fb8d1c70-22a7-4352-8e9b-136d796c6187.jpg,78806020-83fc-41dd-a66c-216ce7e6aab7
bb2de31f-3864-4832-84fd-0d04c7152f06.jpg,78806020-83fc-41dd-a66c-216ce7e6aab7
e5276c8d-aba1-4c40-80e1-cc25f3f07aec.jpg,52a6f606-c38e-42b4-98ab-a26c04a74aa2
f87f2974-a1df-443a-9eae-d7a1b60660ee.jpg,52a6f606-c38e-42b4-98ab-a26c04a74aa2
1bbadd79-7c1d-4db3-9765-197ce9d62096.jpg,52a6f606-c38e-42b4-98ab-a26c04a74aa2
fcedd063-cce4-48b1-b9e1-6ff1dc6b1033.jpg,dcfb7768-a752-423b-b8b0-f9da49eaed0f
fed6ec55-bf4e-4d2b-90a5-5006dc605ace.jpg,dcfb7768-a752-423b-b8b0-f9da49eaed0f
ff9febb6-9295-4281-adfa-ea4f10378e24.jpg,dcfb7768-a752-423b-b8b0-f9da49eaed0f
6bac1cb8-0ed2-40ac-bff4-d5ffbc79ca6b.jpg,dcfb7768-a752-423b-b8b0-f9da49eaed0f
e13e479a-398f-4591-ae22-26b047305d8e.jpg,22386bbd-97b6-4a1c-95c4-e39c8270ac03
e6ffb3f9-534f-43de-8a32-7ce1830310f2.jpg,22386bbd-97b6-4a1c-95c4-e39c8270ac03
b384e1a8-b56d-49c2-92dd-1b2a17db1774.jpg,22386bbd-97b6-4a1c-95c4-e39c8270ac03
794f5e89-8bc3-4b3c-8e2d-8620ee3b0bfa.jpg,40ad02d7-f41b-476a-8608-966b8b5e5afe
4bf62fc8-003c-4f3d-a054-af473f16a236.jpg,a1dc9b96-681e-4f87-a353-0b51736d8ab0
3999bf88-ed67-4409-9e90-0530636c239e.jpg,a1959ea8-2143-4f24-a2ec-ea00c9d77aba
1fabe520-32f0-4e85-8102-e8c2b28e6428.jpg,5bce7856-13e4-4e36-80d5-211b160d4d1f
a7510076-4675-466e-b1a0-a10d07351ca5.jpg,a5186718-724d-4f8c-9544-dd99aaf39ca8
a5cd9ee6-0263-40a1-ac3c-223a2751a496.jpg,88156481-bb29-4b55-90f7-d3bfe7fe154d
76d12c6b-ebfc-4499-b8d5-cf5efbcb20fe.jpg,42cb1b98-62d0-4896-a8cb-3c1d12dfb27f
7695d0cc-be5a-4ba7-871f-4c5250e6e170.jpg,cb9c0eaf-6a35-47b3-b8c8-928f51b95d85
9d8347f5-35ff-4c41-a463-e41962dc7ff3.jpg,d037b229-595f-4a9c-ba2c-09cbe1cbdf20
1859688b-5342-4417-9422-4d5fa1369c19.jpg,e4978cca-c27b-4a7e-9c10-d3029305cbf6
73ce1511-9f7e-4c4a-8704-5c4ed76d35f0.jpg,427149d7-f1f6-40ef-baa7-1a553dad9f3a
e3ad7d6a-976b-48c5-8b32-bc7ea9c9ff84.jpg,e9202d7f-265d-4514-bcee-54b7d431ab1e
738805ac-48e4-45da-b5f3-cc46d69729e3.jpg,e9202d7f-265d-4514-bcee-54b7d431ab1e
bc245b36-7e9f-4805-9838-77e6337a6c47.jpg,d2acfe7d-2908-4692-8c8b-5b6b351cc3ed
bc405b69-6a79-408f-af71-e6e3639f3cda.jpg,d2acfe7d-2908-4692-8c8b-5b6b351cc3ed
c703dd43-d154-4772-9fec-0d15a192212b.jpg,d2acfe7d-2908-4692-8c8b-5b6b351cc3ed
e6a967f0-4d8f-4ebf-8371-2f0509237822.jpg,d2acfe7d-2908-4692-8c8b-5b6b351cc3ed
f1ef755b-01b3-4e32-bc50-5f03ba8be5d9.jpg,d2acfe7d-2908-4692-8c8b-5b6b351cc3ed
f7d5543e-7c31-412c-90e2-1baeaf3c2bc7.jpg,d2acfe7d-2908-4692-8c8b-5b6b351cc3ed
e89b895c-d1bc-486b-98e2-ffbdf549784e.jpg,d2acfe7d-2908-4692-8c8b-5b6b351cc3ed
332026be-6551-4c78-a67d-382ffb61f58d.jpg,f4011153-6fbc-4f2b-8563-086faae76309
83e8173c-b8fa-45b1-ad88-fc70743ec148.jpg,d1d00125-89e0-4ea1-a963-9455ec80c695
cacd926c-7ca9-4919-b58b-6a5e636928f5.jpg,1b2a599a-290a-4273-a16d-389b593620f0
ccf3f426-237c-4ba8-85cb-51f7a1bfa841.jpg,1b2a599a-290a-4273-a16d-389b593620f0
7bcfbc29-1dd9-484f-999e-113b755e48f2.jpg,1b2a599a-290a-4273-a16d-389b593620f0
35b944d8-08fe-4a74-8a81-51d771d51aaf.jpg,c7b94e1b-e6da-42e3-953f-a7eaf5e97c3a
93ca69c3-29f8-40d3-88da-b949e37e284d.jpg,9f83869a-30a7-4f2c-ad80-a9ec7e207db6
cd5cf35a-7252-4c38-b2f3-13b2137bd71e.jpg,fdbb4c2a-46cf-4135-a0a8-6b78cce8a5cd
ebe89bce-1ad2-4645-a2c1-afb74e43583f.jpg,fdbb4c2a-46cf-4135-a0a8-6b78cce8a5cd
fd530125-e544-4752-a334-1f2927ed3a88.jpg,fdbb4c2a-46cf-4135-a0a8-6b78cce8a5cd
1586c2cf-d3b9-4091-88b4-7dbbb4499511.jpg,fdbb4c2a-46cf-4135-a0a8-6b78cce8a5cd
1e002298-883a-441e-82ca-b28b62084bbb.jpg,420f2d99-0d35-4f2c-8699-31496d8b1e58
bf8f86d8-14e7-4fcd-ad49-daa585b0113e.jpg,9811b692-1e0b-4935-9086-20fa90e20873
dd6b4020-8b8a-451a-acad-40e41bcc9c84.jpg,9811b692-1e0b-4935-9086-20fa90e20873
72cc7dd0-d09a-4607-997e-6204e3484188.jpg,9811b692-1e0b-4935-9086-20fa90e20873
2c7aa27c-117d-4487-b9b3-1e9c925b7dd4.jpg,814e4718-0a3a-4b98-a88b-fcca9569063a
cdfdacab-dfca-432b-8bf3-b3ae21c7ef41.jpg,4405da6c-613d-4a91-9c32-c543bf379422
e277a545-7b54-45fd-8b36-6f85e1f1116a.jpg,35fddeec-5e08-4abe-bfc8-f734bf11186f
a9d184f9-00ac-4432-aa32-ee08e3f45e83.jpg,291f97b3-f955-4230-b745-c12992cbc9a2
d5ae95e8-dbbd-4191-a949-403fbfc9c12d.jpg,291f97b3-f955-4230-b745-c12992cbc9a2
d82e50a4-cd18-4146-b680-7f631e961eb8.jpg,291f97b3-f955-4230-b745-c12992cbc9a2
61814a87-acfe-4971-ac48-9c4a743ed86b.jpg,291f97b3-f955-4230-b745-c12992cbc9a2
ed5f8d0b-2b42-4d2b-b656-0e09a2bdd587.jpg,de6ed72c-19bc-4d6a-805c-f2bd08da7a14
3ce74345-61b7-4dc1-8e00-45fae82fb662.jpg,de6ed72c-19bc-4d6a-805c-f2bd08da7a14
b3ed347d-aef9-446e-b64f-0b34f09139cb.jpg,c7962775-7e8c-4c22-aacb-b79379e37e98
8cd0026d-f52d-4e73-bbe8-653fa951bc03.jpg,f86dcf5c-2d39-4b1c-8b4c-9d7c446dd76d
490276a8-c7fb-4d22-8392-265b4b439d0a.jpg,2d1f9967-a04d-4895-8aed-cd8c8b68cc85
3546c374-594b-40a1-b5bf-f0eb715d78bf.jpg,dc40b59c-ef2b-4491-8b3e-789186eae8bb
1ccf454f-64f5-4309-83a5-72b9d073c294.jpg,c9cf94a7-ca75-4e07-a029-5750b009dbac
73311de0-30e3-445d-ac3f-33cd2792be3c.jpg,bb6ca7a1-d177-47e7-a6a1-6e4fe10abe4a
00d538bf-40f5-4581-a0f3-01312a344f1b.jpg,32e7a333-7512-4f8f-9328-e41710037b0a
e4ca987a-a99f-43fd-be7f-476b5c91c201.jpg,b4be530d-a466-4fa5-b6c1-ab8262752ded
e91faee8-22cd-4554-b964-e11bf4b3d269.jpg,b4be530d-a466-4fa5-b6c1-ab8262752ded
f1589ae9-0c0e-47c7-848c-088bcfa972e1.jpg,b4be530d-a466-4fa5-b6c1-ab8262752ded
f9c3dc50-945f-478e-af6c-b51ad084d62d.jpg,b4be530d-a466-4fa5-b6c1-ab8262752ded
fabb20b4-7879-47d2-91a4-33e851864e02.jpg,b4be530d-a466-4fa5-b6c1-ab8262752ded
42904b01-3640-42c5-951c-a1663181f5d6.jpg,b4be530d-a466-4fa5-b6c1-ab8262752ded
d6201109-ec67-4805-8dab-b7f4f0aed2bd.jpg,55f8ca93-a5b2-48d5-a9c0-9c9cf66d2fe6
d65f844f-9884-4273-a5ef-9396fd347f0f.jpg,55f8ca93-a5b2-48d5-a9c0-9c9cf66d2fe6
e8a66a77-b7c8-40ed-ba8a-eb00546edeb0.jpg,55f8ca93-a5b2-48d5-a9c0-9c9cf66d2fe6
ec269d03-d8f6-4a78-af26-f68584948225.jpg,55f8ca93-a5b2-48d5-a9c0-9c9cf66d2fe6
fa550b90-22a0-45c7-b155-7efab8d37917.jpg,55f8ca93-a5b2-48d5-a9c0-9c9cf66d2fe6
fb070293-6d0d-4185-bda0-175aaf2d4d37.jpg,55f8ca93-a5b2-48d5-a9c0-9c9cf66d2fe6
fb479b1d-60b9-46cf-bdb4-3c6988e95c0e.jpg,55f8ca93-a5b2-48d5-a9c0-9c9cf66d2fe6
b274f186-433d-4b80-ac14-030dd4e44ad7.jpg,55f8ca93-a5b2-48d5-a9c0-9c9cf66d2fe6
8b398021-b4c6-4450-bc31-a800fd38dbd1.jpg,e7b3e2a1-7b7e-4a00-87a1-e84e5c374082
70f0461f-2340-4bb5-a659-3f19bef84151.jpg,ba2f02a3-8dc9-4759-a29b-8374b6bc5a0b
a8c67ffb-8e60-4dd6-aaa6-0c877989cf44.jpg,45952e3e-a3fa-419a-96be-cb4b3545c4c6
541d4afb-15cd-4f22-badc-fd01127c8530.jpg,3e919252-b505-495f-b7f0-11053b898c20
2bd10493-a740-4110-af5d-45671cb6e55d.jpg,a233767a-662a-4401-bca8-5c1e00a7acef
b7941ffe-6e3e-443c-b3f4-48119b931be2.jpg,ea6a0df2-7225-4b5b-a7b8-443a8ec17852
bea7acb4-3bc2-4be1-ae41-f60ce3a0f059.jpg,b9182e8b-99f5-44e2-ad70-cac234af3cdf
e02ce73c-9a57-4470-9726-27b11e79b406.jpg,d289760b-b07d-4b4d-bb6e-4f0724a4509a
e5b8adbd-2318-4533-9917-1b92f45951ca.jpg,d289760b-b07d-4b4d-bb6e-4f0724a4509a
eac46e61-a64b-47df-87e3-bfdea9d8345f.jpg,d289760b-b07d-4b4d-bb6e-4f0724a4509a
efde03d8-4991-492f-8f7b-2ee80ada8ef6.jpg,d289760b-b07d-4b4d-bb6e-4f0724a4509a
f2ac7a06-fb68-46e0-b0fe-ddc3ce775c8f.jpg,d289760b-b07d-4b4d-bb6e-4f0724a4509a
fc1a62e5-3944-4760-af67-f57710b66207.jpg,d289760b-b07d-4b4d-bb6e-4f0724a4509a
fcc145cb-e9e1-47bb-b881-909d810cac71.jpg,d289760b-b07d-4b4d-bb6e-4f0724a4509a
f946a499-a072-48f7-931c-fb905e915b00.jpg,d289760b-b07d-4b4d-bb6e-4f0724a4509a
b16ac5f9-bb6a-4430-b914-7cf4addc54f8.jpg,9a8fe579-0fae-4a8b-ada2-610735318557
c37c4c36-dc39-416b-8872-e7c224648d47.jpg,ac7d79b0-fc1e-4157-8252-e93f234d168a
ec8392d5-adcd-47f8-86cd-92b5ffeefcb8.jpg,c2cf5d9d-8ba7-4c03-92a4-4e65d3a2bdf2
195d5996-f6c1-4879-baf0-787630a4304f.jpg,e15920ab-d68d-40ea-8e09-19eb24760fbc
ccaa4365-d766-490b-a6b0-0de5c277c037.jpg,24d596fe-0526-45ac-a4b9-4c31ca0f346a
ff295d77-dca6-4dbc-bc4c-0366bd08d7ba.jpg,bbeb47e4-7edf-43aa-9a43-c605041331e7
f218654d-2ee4-4084-a75c-c394e6e053dd.jpg,881c8624-2648-4330-8c5d-96ee5b5788f1
87199c0d-1a24-4c37-8259-2b26ad9bf74d.jpg,881c8624-2648-4330-8c5d-96ee5b5788f1
32454f75-374c-4209-a4ba-a10c7d245600.jpg,dcddf1af-3114-4d54-8143-a6808b4b2c81
f424eaf8-c373-47c5-beb9-473c5122b620.jpg,433450e7-efb0-45a5-a2a2-ceb1b9ae100f
ff1639b1-8329-4ee2-bed8-0e2f61a01a42.jpg,433450e7-efb0-45a5-a2a2-ceb1b9ae100f
ffb8ca4b-f2a5-4ce6-8ac6-5e2a326fbda5.jpg,433450e7-efb0-45a5-a2a2-ceb1b9ae100f
e15476c6-0960-4e42-b9b0-5d01349df4b4.jpg,433450e7-efb0-45a5-a2a2-ceb1b9ae100f
cfd18140-691a-43d8-8f3a-c292e5097929.jpg,a0cd77f5-9e80-4083-acb2-16a8faccb2d9
ffd05c0b-5738-456a-a7e5-2d42d4830527.jpg,a0cd77f5-9e80-4083-acb2-16a8faccb2d9
538c27d2-81d5-47b8-a63e-5a701276132d.jpg,a0cd77f5-9e80-4083-acb2-16a8faccb2d9
42f00f50-f2ff-4712-aa7f-15d931152317.jpg,3243a1cf-d747-4c3c-82a8-969a399e66ef
33b6c591-c3cb-4dd9-94fa-0d24749c4bf4.jpg,8270c84c-8669-4ea7-a979-61b698069093
93ba0653-731e-4051-83c6-4721045ee73a.jpg,d17701a8-77bb-49ee-bdca-80988be9c809
de2d6959-d9ed-4c7e-9bc6-512e6ec096e3.jpg,ba20ee75-e02e-4699-8a77-0e327bccfd18
e046d28e-d4f6-4a5b-ae17-fcd145100681.jpg,ba20ee75-e02e-4699-8a77-0e327bccfd18
e34134e5-cea9-460c-8d5b-ae7275017300.jpg,ba20ee75-e02e-4699-8a77-0e327bccfd18
ea5f8966-fd64-4f2c-b8b8-fd6165ba4bdc.jpg,ba20ee75-e02e-4699-8a77-0e327bccfd18
fd70afed-d2fd-418c-9b19-04978f9312ce.jpg,ba20ee75-e02e-4699-8a77-0e327bccfd18
ff9606c6-5bf3-4ce3-a030-fbc6f70f086d.jpg,ba20ee75-e02e-4699-8a77-0e327bccfd18
fff8661a-f40c-42b0-a215-13a7563cde08.jpg,ba20ee75-e02e-4699-8a77-0e327bccfd18
d7c97f64-00c1-4b96-8ad9-c65022ede3a7.jpg,ba20ee75-e02e-4699-8a77-0e327bccfd18
2ad002ea-6fd2-4833-b5c1-da5394740a3d.jpg,0020e6c5-920e-4bcc-91db-60936946ea76
8c6a8e50-0e2a-4327-a05b-57c54d0eb01c.jpg,c09af93f-5874-4bb7-a7ff-3cdc0c509e06
02687b11-4c42-4ec2-aad3-ae7426f892e1.jpg,3147c569-2380-4485-8670-2b73811ad824
7888b22e-61b2-4094-976c-1ab5698665e5.jpg,ce8960a4-7d81-4f94-9b55-c63957527476
cb14b012-1c3e-46ef-813a-258873bc6e82.jpg,af528cb9-2516-4ece-ad33-4efdeb506fe2
9c36d865-03df-41f1-92a3-473d286feeb6.jpg,95d1db86-4361-4c0b-bc96-b0bdb3d62851
7b2ed6c0-a69a-4c57-b4cd-8abce3c93236.jpg,390a3616-248e-4088-8e00-c264d995c4f2
2c9adac5-c88b-4262-bf8f-4b9feacffb22.jpg,a776e74e-68f7-4fdd-b6d2-205d05758bd7
c5060d08-cdcd-4283-909f-c6ba35935770.jpg,24a0744c-47f1-4fdd-b7f7-705c837af03b
d70d486f-3b56-4663-bddf-f9cb9af94641.jpg,a032f8a8-1160-480a-8879-89017617319e
0b022428-b1c2-4194-871f-b955e1aee97e.jpg,a032f8a8-1160-480a-8879-89017617319e
2f75112a-8583-4d2d-97c5-b0c08c2fea6e.jpg,0eaa92d9-07ac-4fe4-b316-7fabafc9715a
f2ac2d48-c128-406f-b3e4-824099f7537f.jpg,41e85bd6-8c79-4a8f-b8d1-966afa85f131
f2f35245-82ce-42c4-a2d5-2b4662788614.jpg,41e85bd6-8c79-4a8f-b8d1-966afa85f131
7905bf41-95dd-47d3-b531-42ceac112941.jpg,41e85bd6-8c79-4a8f-b8d1-966afa85f131
3ea4fb0f-51ca-4d6f-8a31-c031644263ca.jpg,7f13d6de-f304-43a1-8a0a-b235e3d5df09
3bf39fc8-6d67-4899-a1bb-936a54fda180.jpg,23b5b7cd-dc42-44ae-b574-dda9d2da0dd4
d641b807-0070-4eb8-ac0a-30c111f751fa.jpg,48f570cd-267f-4a61-bdd8-f5021f2bb453
e8010c49-0212-4516-9081-56fd708d3ddd.jpg,48f570cd-267f-4a61-bdd8-f5021f2bb453
eb467183-c447-4b90-ad35-3ad20ff56d70.jpg,48f570cd-267f-4a61-bdd8-f5021f2bb453
f40f0624-92c9-49c9-a9e8-3e9b9a4041f1.jpg,48f570cd-267f-4a61-bdd8-f5021f2bb453
f5d60a2b-dcb3-4b83-bc07-666e0dbab540.jpg,48f570cd-267f-4a61-bdd8-f5021f2bb453
fa04fea4-3a1c-4d98-b4ca-1d7903a27709.jpg,48f570cd-267f-4a61-bdd8-f5021f2bb453
5732c45a-37c7-4403-b3d2-d823dd2cf358.jpg,48f570cd-267f-4a61-bdd8-f5021f2bb453
97d9afd6-6cc6-45ac-b57f-57647efe30af.jpg,30b59d14-5f61-40a5-8a81-e06e455d2f77
b72f23ea-64fc-4193-bd6f-284abab0d5ff.jpg,7dd4148a-098c-4e21-bd7d-2c1fc1330a42
445c104b-e92d-4781-9210-66851dda8edc.jpg,e3d8741e-fdcc-4118-a21d-37dd48d0d0f7
e318ee52-63aa-49ea-931e-0f537376c814.jpg,e29efa77-7e0c-4c07-9b54-9a7e88812e7c
0d89aa92-7dde-40a7-a1db-cb0ef0c0562d.jpg,e29efa77-7e0c-4c07-9b54-9a7e88812e7c
e9173884-e811-465c-b90f-d4dc1c51d477.jpg,d94293c6-2907-4c76-a31a-c18966690f50
24934fbf-8569-4eb8-95e5-ea2b751bbf83.jpg,4ebe6967-ee25-4b96-8b1b-addc853ff8b3
5b14c42d-902d-4ddd-ae17-803f7fdff864.jpg,9097e2f2-328d-4e55-850e-894572317942
ddc46d82-aac6-4df1-94bf-7385888184e2.jpg,0c094805-eef8-450c-8e49-7cffe66a5526
e9d8ce48-47d1-4411-9198-1ee39dbe3f52.jpg,0c094805-eef8-450c-8e49-7cffe66a5526
fdb5cf53-ab6a-4765-b8f9-458698d8f668.jpg,0c094805-eef8-450c-8e49-7cffe66a5526
30472b2e-e0e4-4087-9d5a-1e933dfaffdb.jpg,0c094805-eef8-450c-8e49-7cffe66a5526
64dec935-2c2e-4591-bd51-4b8488039def.jpg,115a5f50-3ec2-4b92-9188-701f11fcd4f3
cecb805d-9fd2-4b78-8d88-7e2d9f1383cb.jpg,d0195ec3-3b55-4ac7-aba9-c1f4f19aebad
e8173e2b-0e1a-4ed2-8126-e8a10949c2a4.jpg,d0195ec3-3b55-4ac7-aba9-c1f4f19aebad
dad4ac64-5150-4bb2-847c-6f76e664a56d.jpg,31439ebd-62c2-4572-b39b-aa753b96be1f
0878b96b-97e8-4fac-9a76-a03a5de4297f.jpg,31439ebd-62c2-4572-b39b-aa753b96be1f
b72512d1-4bd0-415d-ba6e-a57ad3480890.jpg,e9f61ffa-d0a7-40b3-8188-da94aa96f716
6f61c70e-51f0-46e7-ae11-353e6a783577.jpg,10d5187b-e8aa-432b-be24-8c71bbd96e7f
492082c0-ffe9-444f-895d-1b0393eae477.jpg,a7dc2330-c77e-45b0-8135-fad57d0a8f64
4c3500a5-a21a-45ef-ab3e-4eba1cdcd554.jpg,e754c4f8-84e3-41af-a54d-df00193010e5
01da92b2-17cd-460c-b5be-c7cb5a7ad518.jpg,0c22fecc-b8e8-4b9b-b9b5-1a01264feb5e
5c6b6e6d-5ef3-412d-899f-faa8aa17749c.jpg,2e1c87b2-bada-4cc4-92de-9e665ceff47d
71a2ac9e-010c-4dad-b47e-2af044f5bb1f.jpg,41936558-35da-4c90-8602-ae438cab4b02
cb72cb27-6ab0-400b-9aa7-e24e9dd71b72.jpg,eed329e9-d54a-4fa9-87c8-4526384fdf57
f315adfc-5357-48f4-a09a-61d4084b24b2.jpg,a2dfe73a-e4f0-4bb3-9991-43543e716061
e0007f5a-bef0-4e14-8ae8-182edd5c69b0.jpg,a2dfe73a-e4f0-4bb3-9991-43543e716061
3fc263b4-dfcf-40f4-ac15-0f539673e87a.jpg,f82c318a-53ae-4be5-98dd-3d629fb732cc
08495b98-d594-4713-a87b-5c2b6e0cfed1.jpg,a9bffb69-759c-46e5-8ff4-123c331521c2
5101f7f1-1b23-468d-a1cf-36141ac7f250.jpg,b67721f3-9832-4cf4-8660-813daba4e3f5
1753b7b5-b403-4fb8-a705-0f212dbc2ce5.jpg,cd75e9db-0efa-4075-8d20-e886e6ebc614
4d1ce32c-1ed1-42e8-b1a4-6ad73b7ccb3f.jpg,42bf31ba-53bf-425c-aa33-eb294adc9503
ce411630-43a1-46ba-ae73-fe70c8d4b3d4.jpg,876d0d62-0a15-4813-98b1-5092948cfd26
eb4b870a-f382-4580-9f8b-8a346b13b4d2.jpg,876d0d62-0a15-4813-98b1-5092948cfd26
e8268259-6904-4570-8785-19d879f31aaa.jpg,876d0d62-0a15-4813-98b1-5092948cfd26
cdd37e34-2e2e-4022-84b3-b724b7787ae0.jpg,c1b0761b-b185-478b-80f9-d6a66fb1ed58
455da21a-02c5-44bc-8447-77648aa145c4.jpg,52a819b7-70bb-4e3d-92b7-a73656a52746
fb3c589e-c80a-40c4-9572-7b9c1ef2cf6e.jpg,a68d234b-19cb-4dfe-a7b4-e1e3351f1a06
415a7679-dcbf-45c0-ad9d-0c93dfa62a86.jpg,a68d234b-19cb-4dfe-a7b4-e1e3351f1a06
2c983a12-8b8e-4e00-9ebb-5edc86b90a6d.jpg,b665f81b-0604-46e7-abae-be1043fa7b3c
c6338acf-99da-4f81-a3c2-537691436570.jpg,83b6f7b7-c037-4cd3-85e4-1e288757ad38
4ea59d2d-c8d0-43d5-a082-d73d3ba4810f.jpg,c9d2b49d-8980-45c3-b2ac-0e4d74dacd69
d3dca994-3ef2-4090-ad3e-54f811b66620.jpg,2c63ac73-03cf-41a2-a01e-9ed6fcfeb15a
df46fb32-440a-442e-b173-f11bbcceeef2.jpg,2c63ac73-03cf-41a2-a01e-9ed6fcfeb15a
f69059e0-d3bb-4cf2-8dac-8ba63af93b5f.jpg,2c63ac73-03cf-41a2-a01e-9ed6fcfeb15a
3e712373-476f-4d19-879f-8e2cff25fb70.jpg,2c63ac73-03cf-41a2-a01e-9ed6fcfeb15a
b15b8e2f-66cb-4b1f-a0b4-6e88b3c8912f.jpg,c191a046-d8e6-4558-81e1-35c1e2930a8f
0241fd4c-a93c-4884-a1be-99a8c8cc96c3.jpg,e5c65107-02d6-4ec2-a4ad-20af18737b13
357a0c5f-cfcd-4344-8426-b29824fec12e.jpg,d7d582ff-5fcf-4d11-8e3d-98407d0e2f99
b7b4a913-1149-4898-aa7b-575bb886068a.jpg,c200219b-b6aa-4c9f-b06c-86ac35912860
9e6c1e87-ab4b-4c1e-b772-99f70b13db5b.jpg,7ac49188-6f90-4a57-9038-7f97c9cf8458
8a116b3f-8f3f-40eb-9c40-e62b779bd877.jpg,0825dcd9-cc51-417d-8e7d-13613c0af6e9
23e37479-b5a9-4938-b7a3-caa338e33ec8.jpg,5daa085d-f555-4b65-9315-da7f7f2cf005
83b4c9da-2c1d-4802-84fd-72ef55db4fb2.jpg,164c1590-be8b-40fe-9050-92f1b5cd43e1
e2de8a6c-54e7-4ef8-a58a-644d045d5023.jpg,f3451c9a-7031-4be2-b730-9e8fe23ed67d
94b247af-9a97-4d00-8c51-cdeec6c9637d.jpg,c978ad91-495a-4219-8098-11a3b08cab21
bf2b2c1f-2b6a-4071-9520-14277129fd87.jpg,b0b64164-f5f7-4741-8307-2770f1838993
19b3c520-68b5-4616-866f-36621591c78f.jpg,3aacb1ff-8389-4dc6-84a3-67f1ef2cb3ea
77c28d75-34ce-4e08-bb96-da7841e3f3c7.jpg,1a280c59-32ce-41d0-b2e4-19dade3f1cbb
e9e66be7-cc12-40d8-acdf-8fdc0dea5d0f.jpg,1a4fb3d0-fa24-4da6-8fec-b8dc0bf38210
c4d7b45a-91c5-4eb8-9c9c-efe4d6bc8080.jpg,1a4fb3d0-fa24-4da6-8fec-b8dc0bf38210
43b5e6cb-b4a2-4836-9f71-cd9d578ef9db.jpg,90e36556-c7bd-42e3-9c50-470d4aca9b99
87e38eb7-2be7-4196-a015-6da364f66ace.jpg,714c91f7-5ddb-47f4-9c2a-1727e8a76551
83b248e2-aa9e-4b77-a433-b5e00817e6cb.jpg,8d05d1dc-36d6-49e9-9671-68ee43608f55
91c44792-8d0f-432c-a61a-3e0eff98fd18.jpg,1a6a60a8-25d3-47ed-9cfb-0ba7cd851714
3e8ed783-096f-4632-8e4c-99982b674922.jpg,2b41d30c-9850-4e77-9c9a-7155b223e06c
7aa159be-d846-4b78-aae7-2ccaf83f01bd.jpg,2723a4b7-83a4-456c-8493-032b4e8cce14
aa461e36-e4f5-43e4-bef2-e6a387afddaf.jpg,cfb18c41-e8d6-4301-be92-186a6f91a9d6
731b1581-5a76-407f-b9a8-5b69dc5ed662.jpg,e28e5a60-df24-4f48-b167-52f7c4cad932
df0763a5-cf0f-44a7-9001-3bd23c241cbf.jpg,a097870f-b548-49e8-b318-0e043fbad240
3cd204ab-c692-4d6d-8957-4fb33cd0fd14.jpg,64e6b65b-2f94-486d-9f0c-8c5aab0e4078
63714143-61bc-4baf-bff2-4b6132aac7cc.jpg,1ea660b7-f553-4b3f-bf80-8007753c78a2
f3e39d33-0546-45e1-90ce-81362cf2d52a.jpg,f212caff-e086-4896-a415-3667699c5e5d
6f1c0489-cca9-442e-8a4d-9eca28933263.jpg,447e978d-fd92-40c3-8779-35f4cbb13e92
840edd84-0cc8-4147-b2d4-42c33f07685b.jpg,0e62958e-0c60-4e3e-ae5c-ce9371a568eb
6db32e8d-6cd9-4e2d-8c7f-991ced483333.jpg,70bf5d20-948f-4c7a-924a-7969115c060a
39c54417-eb13-4765-a8b9-5121bd95dcc9.jpg,90fca432-2295-41f3-9462-1f1f1801d6ac
fd24c736-266a-4a3a-9fc4-4792310ec6b6.jpg,3fbd4921-c666-4a2b-b85a-7d66b6b8b358
b4527269-ba04-440c-9dab-a198aeaa944e.jpg,3fbd4921-c666-4a2b-b85a-7d66b6b8b358
d51b4897-8c95-4654-9c3f-c9262d94bb37.jpg,8dc4775f-c250-44d1-bb83-68fd9b8597a3
ffa2f5a0-1ff0-442c-b2aa-ea26c49dc029.jpg,5cefeab0-ed28-4922-81cd-3380d03901d8
9fdc8739-7297-40b7-bfd7-ead0cebd9e5d.jpg,5cefeab0-ed28-4922-81cd-3380d03901d8
51f4da61-325b-4d4f-936f-e18bdba11052.jpg,d7cfbdff-a44d-48d4-a42a-8fe7b66092d1
7b8619fd-55f6-4f1f-877c-2a2c0617df64.jpg,a1ec9356-a9b1-4ff8-8c25-c4438080ac7d
7fb67f00-cf58-407a-968e-aa552d83638b.jpg,87d0ba5b-d73b-4062-a4bc-67d60c4a410a
11573781-d8ea-4f50-81b0-69a0063d5665.jpg,4827bad7-ab4f-4ac6-bcef-d855dd6b558a
db6bd1fb-98af-4aa8-8ef6-4ce8751a9b70.jpg,bec276b1-5259-4aeb-95ca-72debd21c67f
eea147e8-ecd2-4609-b6a1-ae5451e03344.jpg,bec276b1-5259-4aeb-95ca-72debd21c67f
f1e47c1a-c3b2-446a-9fd2-2cfd093133cc.jpg,bec276b1-5259-4aeb-95ca-72debd21c67f
c78cdc91-f286-4653-a26c-a76d2b1dcece.jpg,bec276b1-5259-4aeb-95ca-72debd21c67f
b08d9a8b-96e4-44eb-9fdf-630ca6bc03ff.jpg,8290a7f8-991d-4680-bcf9-d4141389e5d0
36ecd0e1-c5ef-42a5-af7a-29305d32c8d1.jpg,3622a88f-a0ad-4e8c-a75c-d8cf7cd5c8fd
b0c6ec97-8c19-4deb-a118-b12f6d67b79c.jpg,3ef3c6cb-398c-402d-9eac-69025e1f5cf6
de4dbf26-9e09-4a5b-90b1-bc3515eedfda.jpg,7b24aab9-56d1-498b-9654-08a266d86a54
e1d8bb56-04dd-4746-b6c1-3ae767e1a33e.jpg,1c3cc3af-28ff-41ea-b4ea-d3ffb51466b1
612f57ab-d775-457f-9026-e41545ae81f7.jpg,1c3cc3af-28ff-41ea-b4ea-d3ffb51466b1
41caf456-4a47-4548-9e6f-0c51587f01e1.jpg,d384b92e-c339-4be3-a7b6-b45821e23026
5bb9603c-e6e1-44a0-b8c6-c6536112db6b.jpg,1ed8440d-c968-4dc5-97a6-9f81c3700513
1acbe063-dd3b-4e6d-8d37-6b30203983e0.jpg,1e214f4e-fa4d-44aa-b9cd-8d0e5109d457
e7149d7c-49d2-49d3-bd0b-e84712a36257.jpg,8df073d7-dcab-44c6-93e6-02fc6112f5cb
eefc474d-b4e1-42bf-81fb-621b88ba8172.jpg,8df073d7-dcab-44c6-93e6-02fc6112f5cb
25affe0e-5589-49d0-b79c-f432af149f86.jpg,8df073d7-dcab-44c6-93e6-02fc6112f5cb
7c86059c-25e8-43fa-b625-f0d412cefa0d.jpg,38aaa6e1-6af6-4378-aa54-8de07559cf3b
1cce9216-f726-47ee-b6e2-82d4c2466764.jpg,e605df27-3c29-4d28-b3eb-1f96fc83e252
42599965-7d33-4cbb-83ab-6e9a6ce7afaa.jpg,df102e5c-57aa-4dd7-8aa9-a005f212b215
643f6323-2425-4dbf-8e42-61564b966e63.jpg,89b0e02f-4ca7-4412-99ae-d5fc9ad7c36d
f7eebe05-bacf-46f6-bc6d-c5bd4374f945.jpg,e6bbd9e5-99a9-424b-9662-d25c5cef77d8
fcfda513-58ff-4bf0-be0e-2b5c1d06d798.jpg,e6bbd9e5-99a9-424b-9662-d25c5cef77d8
bf5b59d2-6f1d-460d-82db-67345870ad1a.jpg,e6bbd9e5-99a9-424b-9662-d25c5cef77d8
463d1272-02c2-4f50-88e5-534105a34aab.jpg,beea5043-52c0-4040-989d-e71f197c8539
83cac937-ae95-45e2-872a-705e8ade0318.jpg,85522bc4-be98-4b7e-b2d5-22cd3b14a362
dc3821dc-c891-4397-9dfe-85641b07797e.jpg,6d43c4f8-cf01-4eec-866b-eb92b9b52930
39c4c8c6-3378-47e3-98fe-db1d2f9691cd.jpg,df5ea5ea-57d4-4aa0-aadf-115ffbfc9cba
124fdcea-c319-4877-b9ba-1432ef66d6ef.jpg,84ccec27-6b32-4df0-8511-6f0342388238
2cce5a7d-1c04-402d-928e-11dfdb04e383.jpg,8a6ab1d5-e84b-4532-aaad-e0344b39533b
a93a8f16-0ba2-4629-8cac-c3f5ad8353a5.jpg,b388134a-7802-4219-a75e-58447ecdbc46
d2eb517a-5028-4556-a150-2b089f149794.jpg,9e302e61-d075-428e-8ff4-ea152cb0b552
df56f9ca-1eb7-4821-b91c-50e21f1b9a7a.jpg,4b617693-c3f9-4c21-8afe-095e6f0eb3d7
4dda92f5-647e-46a0-8d0b-36712b4ef1a3.jpg,daeb1b93-36c4-411c-8470-6b93b3e49285
a8e2a8bc-ab94-4b6f-92c7-d86d6641b913.jpg,e614e193-e6f0-4cae-9836-e53afe18ac0b
04f5f50e-3335-42a3-8d76-aef952e86413.jpg,f72488a6-1068-47e7-9c28-fdbe17c55f39
181f1126-3428-4529-961c-19632d08ceaa.jpg,1f88212a-5fd4-4ea5-a644-198a2fd3c26f
69bddab0-b5c0-4549-ae6d-dafc5b0c1026.jpg,60515fef-8305-46d3-890b-9ebeb7fb9633
6df35f32-2010-47de-a3c9-677e642402d7.jpg,11bc8237-1283-42f1-9988-03009cc95684
a9b259ca-33ba-432d-9982-215dfbf53804.jpg,9a9ef9d8-0d55-4e21-9538-355545be78d7
e2c07278-7250-4f77-91bd-7a6062d2ca4e.jpg,938348b3-a12f-4194-9293-22d712254512
297801aa-a5fa-41b8-b9f9-31916f96319d.jpg,47a87627-47f4-4808-8838-02f3f7740922
e5717681-0788-417a-a7ae-2051aef9c8b5.jpg,76161aa6-a82f-46f2-8ad9-88ce03838f8b
f044afbf-131a-4ea7-90cc-8a09115aa85e.jpg,76161aa6-a82f-46f2-8ad9-88ce03838f8b
fcd7de4c-2552-4d83-b1fa-d42abfcbad35.jpg,67481926-c755-4f1b-ae97-a2e46f2e2579
fb243a81-be7d-4950-907b-089bc3b37b85.jpg,cab7e216-6d6a-4dfe-93be-19abf2d9f670
7e07f3df-f4c4-44a7-96e6-8527aa87064d.jpg,03720726-54aa-4574-8643-69482434fa27
f8893e75-16bf-4e8c-a49e-104acf31c14e.jpg,02cacd27-df13-402c-83cc-043b1c747eac
711b788a-a276-4055-bd38-f067050399a2.jpg,02cacd27-df13-402c-83cc-043b1c747eac
e5c76229-b2db-418c-a6a4-c0c20db42089.jpg,742c4378-1ee6-4ce8-bcd3-d7bc65f62b1e
ef992ba0-6c16-44ef-922f-27befdb4ea41.jpg,742c4378-1ee6-4ce8-bcd3-d7bc65f62b1e
6056ca29-f01a-4074-bacb-0289367b6b56.jpg,742c4378-1ee6-4ce8-bcd3-d7bc65f62b1e
bd9ad8e3-0a65-4fa4-b968-89ce58c6ad49.jpg,54fb85ad-5863-4c50-a9f8-b3316a5ec0e0
643741bd-aa3c-448e-870e-991118f7e06b.jpg,d560b6de-599a-4a0a-8c48-2c267a2f6e82
fa8fcbc7-4e36-4550-937e-e8229d3e9ee4.jpg,811be034-a8a6-4cdc-9110-cdb748778d89
123063b2-5e4b-4a6c-a9f6-47ef0bd86478.jpg,9c73cc6a-9b03-4d7c-8653-d01fc8a0adb8
e00611c5-873e-48af-82af-121d23933986.jpg,e0551cd8-b4d2-4ffc-bd8a-ca34ec022400
b0e53c74-c276-42f2-9571-dd3492f6f244.jpg,67622fc6-7641-496b-94ab-c8e6b6b9ca82
0ed00ea1-757a-4e45-8d84-3f8face49dc3.jpg,02af3a50-58d6-4376-a630-9884a82effa0
5dff595c-bc2f-497a-b6ab-566d4f4d400f.jpg,2b402315-80ac-4843-a1e3-df6f6c2d6289
269873ad-eee4-412d-9cf7-1da372a7434b.jpg,1e4ba2d8-6159-4150-8f52-a21e2bfeaa60
f7f823e4-98e2-4f87-8bf8-dd7f1733bb17.jpg,a6b353b2-d092-4d49-bc9b-43185d6604da
b4a7060c-0fd3-4896-9c6c-dc1f6f98147d.jpg,a6b353b2-d092-4d49-bc9b-43185d6604da
a37e6425-ea4d-4bf8-b77d-caef799ddda8.jpg,79e9c738-3fa7-4f31-9b07-ca38673419be
2d51d653-535e-48b1-8eee-4662d737fca8.jpg,055b30cc-6d46-4b7b-89ff-526a63dbcd54
86134053-6e64-4ed3-b062-633780fba02a.jpg,07a9613d-7ff3-441f-9458-320118ec3793
d31aca64-25a5-4d21-9cd2-0db923f19579.jpg,d168a7bf-fc6a-4e84-9079-df8f921a93b2
90323113-80a2-4201-a5f4-a22a47dcb3fb.jpg,c131b199-f901-42ee-830f-6395f45a2fd7
7b715fa1-4d94-4f02-aca4-69503eefaea7.jpg,38c9d1f5-d61f-4218-b67a-3f47c6bdf09c
65838ee3-0044-416c-b980-206d49bd8215.jpg,975acb95-7304-4515-ac6b-7c06c620ff59
ae7f1f31-2eb0-4e23-b301-1e7ff9135a0a.jpg,d956a8c3-72ad-4ee3-9313-08b8ea57d68b
f69c0ce8-1708-45ff-9cd6-846f24c485d0.jpg,8b8b2aad-9a32-4825-bfd6-a1899515923d
530875c4-300a-467c-8db5-a7e15915d75e.jpg,d74c57e5-a218-47bf-b5e4-02628d682fea
4eb30ea4-dfd7-4e3b-94a9-f18e15956da6.jpg,509e59a6-582c-4c29-b381-abaac083ee23
f2637b43-4fc6-402f-8ad4-b319e80f117e.jpg,14df1f12-360d-4223-b438-12c0d5e4e079
ff329c00-22a6-4f8e-a76c-d94d36f6cccb.jpg,9827e883-adc5-4b5a-8ff8-abcc76536ddc
57b0057d-4062-44c2-a170-3474ef2d2459.jpg,688e5796-533b-494c-acbd-f5c7db814634
e6e36d9d-3cfb-4ee9-b410-f313f944b776.jpg,c9e87a90-620e-437f-b99c-83ecad8d6478
131ccab7-100f-4718-a314-d21d9f0183cd.jpg,747e8dbb-4bbc-40b9-b825-e7ae5b0942ec
87d4dcf3-99af-4943-b128-9d4ee8b3ad6d.jpg,6cde7d4f-2ec5-453f-b848-32e52facd1e0
d18df7a5-951b-444f-b7e7-c053a05a7d90.jpg,e9de6889-1f95-4492-a074-11b34e0f61ff
3ea7d6df-db0f-44dd-a6a7-a14a12f0bcee.jpg,b7cc33c8-e524-42f2-a55d-b63b81fd00db
50a1d0a3-b781-4465-b8ba-f2aaf62d2025.jpg,7089422a-5791-4659-acb6-a01a18e6f275
93b23543-a87d-42ea-a08d-83dc92c5ee1f.jpg,4aa8c940-e482-4c67-93dc-36f189bcee67
d769b447-40ec-4eac-a213-32a2be085df4.jpg,ee08af5f-2dcd-4326-ba2f-b5ff4831a02b
a8838fa7-091b-4429-b46e-5124778a6ee3.jpg,002dd938-8b80-40aa-a14b-0d23389a4dcc
4c4c3282-0b07-4f3d-be20-d332af9f28fb.jpg,36505cea-cb5a-4c1f-8f44-67b9b2360669
f3c1aa68-aed8-46b7-ae3c-f197f7da2b0e.jpg,2a8cec7c-7146-42ac-b4b6-247c8703dc57
029e1777-de0e-42cd-a413-c379261f5ce8.jpg,2a8cec7c-7146-42ac-b4b6-247c8703dc57
811e8abd-1c96-44c7-9a16-12994d435f5c.jpg,28edbc4d-6aaa-44fa-b2a6-dacf9ea57b38
0764ef8e-6aa3-4434-9ed5-9bad33498e9d.jpg,56eb6943-b9be-4aa2-a6be-4ad9728644a7
54da30ca-9a4c-498d-ab80-95900ea52392.jpg,b2778c7c-a737-40cd-b653-7f90980a7760
45a198e5-6e59-4986-9433-d66518f35e78.jpg,fee54644-31a9-466f-b326-cb563550c9e8
cdee2ef2-d7d2-4a82-9d4a-2b3e2e364dad.jpg,e3f6b878-894e-4e98-8e74-eb389d5db8fd
1c3765f2-c2a6-4c07-ac03-5bb693fb7a55.jpg,3b06a46a-61d9-46d3-9a11-2602824fdd34
2a8ea492-2f0a-487c-a023-3ecd3cc03d41.jpg,e650224f-abe1-4e48-ac16-8b0e8c320cd7
6b353d09-a91e-4f9f-971a-39e213dab910.jpg,c109ac61-72e6-4824-afca-42d9946f4251
240db68c-2364-4512-a7d8-5d02388a2f98.jpg,433e1c04-38bd-48e1-a440-6934319702d8
7ee52dd6-43e2-4097-a820-27a041a09bc5.jpg,4fbaee0f-c210-49d7-af5f-e6451ac1c39d
8d3f342f-a2a0-4698-acee-bd8abe202753.jpg,0a4cc434-ce83-49fc-9201-5de2c681e385
1fe70f25-fe6f-4d3f-87e1-393f790afd9e.jpg,df3dcdcb-18c7-4c2e-be6e-a9653258b431
befbb12a-9b01-4ee9-9aa6-26567b8f3407.jpg,ab8817c6-1eef-4df3-96da-070b852873b1
c8ca47bb-efe4-4f9f-bd9d-3b1025f28e94.jpg,6126fb33-077e-4838-825f-5e37451f3155
d3e9abc0-4824-4aa3-bf7a-ba8aaffc2a34.jpg,4a5cc6c1-dbdb-43d7-a070-a5d52f4c0589
ffadafd6-f23b-4cb7-ac7d-d0e3097e58fe.jpg,c59cf2d8-dec0-4af0-aa26-17b18d24b5ef
ce743923-a5fb-4068-9096-9b0072fbbdb8.jpg,cb96a0bf-d1f9-4e30-b7db-e9018a51cddd
20cf2e91-829b-4453-ac74-839607811883.jpg,c98d5bd5-1360-4a71-8183-68a966b36ee2
13f8d5ef-b4d1-4dc1-a6ee-31410720affd.jpg,77dfc97a-5e7b-484a-9ee7-13c64fbd6e44
b60bc5e1-5fc4-4eba-89d3-b81b5ae64912.jpg,04e52964-6118-4027-a4b4-62f842b61632
b45aed18-9e3c-4d75-aa27-5bb7db1745da.jpg,ebfaa5f1-0619-4c96-befd-48fca5988185
a14046d5-da37-40c8-8fde-d2ee1eb5810f.jpg,397a8d85-fe9f-4a47-8be8-ed3aa922ffd3
6833872e-d075-4b49-81b4-918ed310df30.jpg,a113488a-7964-4b86-ba4c-40603969b613
b09b83e8-1a64-4af2-bc4d-95453e4dcb5f.jpg,cac11178-7a94-41fd-a2a5-2234d1802b40
ce7a5bcf-317c-49a5-ba00-d3166472b84a.jpg,58a85a8c-5006-412f-9fb7-ce0f5f248f17
540be35d-f6a0-40c2-9d0b-547f9dfb3b71.jpg,813ae0c1-9212-4132-a1d7-43195454b597
d836ec9b-9ad9-4e63-a326-ae39ff11d040.jpg,1a76df43-f5c2-40cb-a69a-ed2700808e3b
e2538c40-5c1f-42f3-8d5f-9bf9310f6abe.jpg,fc47f09a-9689-4dd7-9f1c-5d2575fff051
6320792c-d5ac-4c9e-b352-4b731313d53a.jpg,2ae88791-a5be-4809-9bf3-b7672f5d9172
192bdaf3-f9a0-4661-8d6b-33a51e5cc9cc.jpg,a320a601-ec71-481d-b537-7c12bcaff3b2
b8f6f433-dbc3-4490-a49b-24bf2eb00527.jpg,af6d2ca7-ec29-4511-93aa-59d40550904b
1be1a1e7-c8d0-4ada-9880-4443b12413a2.jpg,a1a04658-a4ce-449c-b15e-1663897447e0
ffed4b6b-c9ac-448a-adcc-86e8d0cd6358.jpg,f4a7dad2-70ec-425e-a998-7676d0d601d2
b94f8969-e96a-4b1a-9f76-fb103b56e5c9.jpg,206dd217-6280-492d-bb39-874afefc90cd
c7dee989-50d5-41fd-ae1f-e8b098386a46.jpg,680ce8da-46d1-4ed5-8b19-2a305ca1aea9
2553fa79-b50a-4614-a420-ee997652adc4.jpg,45181b24-6213-49c5-ba6e-bd0af9c5ce36
433999e8-9320-4f43-bc4e-74bd9b642d15.jpg,bc30ab7d-8e64-4cf9-ab15-32059f08996a
14035f9d-c653-4b0e-b3df-024f5b56a295.jpg,e00f56d2-d617-4f6d-bae2-dd96dd53b87e
25194e53-b266-474b-8e95-1c1738cf5b9a.jpg,3d4e1ada-72a0-44d7-bffd-b4923f7187b7
55de2a38-d754-408b-8fd4-a199e241afdc.jpg,ddc74f9b-dc60-4655-a780-65b6b5c91d6f
241bcccc-3362-46ad-90fc-c96c319c136b.jpg,1377cc24-6bc7-40f0-a475-973d9a8b6450
cee2dbec-7d49-4b14-a85a-c9669735ab25.jpg,7d5c83b7-056f-4f84-a71f-7d8350e4b1c5
39ccdcbf-0185-46e1-a3fa-006fe0950195.jpg,6c1c28ef-c72d-46ae-91b5-684ab680a4c2
3a92adf4-b9ae-4bdc-a19b-15d3a1a4bd24.jpg,9cc2536c-547f-416b-88fe-0997a2f265cb
f5f90c20-8e62-4b60-9d66-bd251c182aab.jpg,6919c379-81a7-4863-b4fc-3e780c64d78a
3252ce29-de7b-488e-8d9e-15923b01ec40.jpg,317f1073-ead1-43ec-89ca-80f1352ba742
1c627e9d-d3ef-4d18-8d4b-0a54249eac06.jpg,a6cd6b30-da0c-4ee9-bdc1-2fbb9f32551f
0641171c-4123-4096-92e0-074fd9b8379c.jpg,5b84e949-16cf-460b-99e5-22581edba810
3dae01fe-fd41-46bc-8196-f36ed8784d62.jpg,ba6d1983-d978-4d37-aefa-efa55018021c
229509ae-d728-4d7d-94e2-a172b12d1ea3.jpg,1d70ba9c-b6a8-4b37-a2c1-91a08e1e3ea6
e9faab36-7d14-4a68-b4b5-4f211d07f878.jpg,fa33d0c1-7c33-49cb-b83a-00e8a3aa8602
07058d34-8107-42a9-92d0-92e07691d3a0.jpg,3601e400-7f9c-458c-9c9b-f704dfc264c2
f8b53527-969f-44ca-bffe-df182c38eb64.jpg,a6f4f7e1-316e-4a89-8fa4-bd1057c7f2db
ffa467bf-e81b-4f18-a497-09c6a087a83c.jpg,732ee709-3039-4c89-b6b7-1eda6892a23f
9db155de-6222-45ac-bcdb-531cb214b48a.jpg,55368443-2624-4f24-a207-12354b614996
0b5627f3-ed31-4e70-b91a-2cae873e6951.jpg,bacdcd1e-d294-4087-b915-7de55f9a4bbe
e3589850-8032-4997-a700-61d3986b8fd0.jpg,07b28bcc-73b0-4ba8-ba77-71e1496bf564
7e5fa712-6f94-4f01-bddf-194c9beb922e.jpg,00c30911-159d-4d91-83ea-6444a73feeb8
e4ac7db8-64d7-4dee-a808-05738013a0c6.jpg,49ebb3d3-daf6-4684-84a9-eb9f246f5197
6195c229-a50c-479e-8685-72843646817a.jpg,348dae93-b248-47b8-8f57-bd1252188ab5
4c7e01a6-dc66-434b-bab3-a2ef226b62cc.jpg,95b26a91-8d84-42dc-bc14-d907aca22396
dc3880b2-97ac-431a-b8a5-9866f95ea558.jpg,99405875-a6c5-438c-8ae5-bb8c589ac33f
7da051ca-6196-451d-83e8-3fe64ac5a761.jpg,97b18d12-e850-447c-aa1d-9aa74d4e61e0
64c4caee-aa05-41ce-ac60-973bf29ea443.jpg,e79e9f08-6750-4922-81e9-aee073ac7446
70abbded-f720-456d-839c-1d07abb272c9.jpg,1a60be80-4c9e-478a-8073-f381eecd7002
87c62a41-d6b8-4918-95a3-0489f6fc1ddc.jpg,0fd9e070-713d-47bc-bdb3-1b26aa5579ba
1fc27e1f-d274-4d25-bfa9-b1246d35a5e5.jpg,7d25f6c5-a668-4841-a957-5fc2c3295fc7
20d36c6c-364b-425c-881e-5e01bbef5832.jpg,7ec233e6-bd0f-41d5-81e1-09f8058b525e
53f05330-6fc2-4175-b377-4581afc5fff7.jpg,2fb8b627-f55d-452e-b607-a08198a28971
a5f70d45-f572-4550-b82c-8341d30757bd.jpg,3cdcda74-573a-414b-8eff-3a706a643ef5
c70570e9-cec6-4b33-a452-40d2f647327e.jpg,4c75c0bf-e710-4d8e-b228-b94b2855e63e
d8d6d748-2db0-4e92-8103-cf13033d70cb.jpg,e9cb1d76-cfb1-4023-87ae-033c210fa3cf
91666658-c76a-4fea-a438-526b7f648c2a.jpg,00cd11b9-9933-419f-b8e8-6c4ad2ca07ce
a1afdde9-b831-4242-8ef5-ad6f0088d06e.jpg,1fb2af10-0734-4965-a40e-a6c610cc55cb
04f059a6-cbad-4e9b-aaae-8ff00d8d353b.jpg,66dc6cca-1daa-47a4-89a5-82de2e00f7f5
99baf165-837e-4518-9627-90355cfda596.jpg,1f166c30-4808-4783-8336-70825046d5ac
f35a358d-56c8-43d2-b2f4-56ff2f1e17d4.jpg,2888e2b5-25df-4d75-8336-119ec3639ba9
6116406e-dc07-4811-880b-40902c3d97f2.jpg,651dcd2b-dbfb-42c4-a974-48387d1a3fef
7841ff69-ffc8-48e6-b89f-a48234195264.jpg,76b4c339-d04c-4f05-b7de-1b8e08115e29
fd9a088d-bd74-4566-8447-1f126f9b8afc.jpg,9d69e96a-6f31-4993-8306-0078fb31f691
6047f696-24d0-46b8-9f9d-cdbacbee34ec.jpg,788f26b6-e637-40cc-8943-825255660fd9
c3d04b8a-7041-42f0-bdd8-73a19aeecd7a.jpg,b3408c81-3b8d-45c9-a8e2-2013fbbe2c1d
ae3718d3-6e0c-4870-a6e3-8c764fe128c1.jpg,db89781d-cd1e-4845-abeb-c0b99036372a
765cdbd3-6b12-426d-9b41-d4844b635c7d.jpg,c56e807b-f61a-4d4f-83b2-c30f0bee76c9
e705917e-33f4-4402-9aee-18fe017ed609.jpg,31d2d905-6eb7-4e47-a8d2-0bce19c1fa4f
e1ffa223-5525-4619-9db4-55e49d24863a.jpg,0cedf424-112e-411e-92c5-514f837f7c17
f11b85d4-3a7a-4273-b070-58bd829b026c.jpg,918d8bba-afea-474b-a2ed-7d4e4212e205
8675b223-09a1-4389-b097-befbf8587681.jpg,39545215-b05b-4242-9dd0-f24749384494
427d7f77-f27e-4890-b329-3584577b7dab.jpg,80884553-11e0-4f00-b69b-d424e4f73f78
50580446-7e84-4bd4-b4cc-a8d15c91a54b.jpg,afa41630-95be-47c0-b79e-2119b876e00c
7a8071e5-432b-4871-9983-37b295867b73.jpg,7570d02a-9966-4b6e-b1c1-7cc122f167d5
e7f3b484-ecc6-4060-a4b9-a67532a80dc7.jpg,e88a7924-3176-4e9d-bfad-b81533fe3364
11f72565-b94e-44d0-8cab-93731a9d1078.jpg,c1a88c2e-b94d-45ac-a5dc-a8b28f47f924
2a291d46-d837-4216-b263-ccc5ca20f00d.jpg,5f8076a6-4845-443c-97c6-5a9647c8dd3a
