Image,Id
01da92b2-17cd-460c-b5be-c7cb5a7ad518.jpg,0c22fecc-b8e8-4b9b-b9b5-1a01264feb5e
02687b11-4c42-4ec2-aad3-ae7426f892e1.jpg,3147c569-2380-4485-8670-2b73811ad824
029e1777-de0e-42cd-a413-c379261f5ce8.jpg,2a8cec7c-7146-42ac-b4b6-247c8703dc57
0878b96b-97e8-4fac-9a76-a03a5de4297f.jpg,31439ebd-62c2-4572-b39b-aa753b96be1f
0b022428-b1c2-4194-871f-b955e1aee97e.jpg,a032f8a8-1160-480a-8879-89017617319e
0b5627f3-ed31-4e70-b91a-2cae873e6951.jpg,bacdcd1e-d294-4087-b915-7de55f9a4bbe
0d89aa92-7dde-40a7-a1db-cb0ef0c0562d.jpg,e29efa77-7e0c-4c07-9b54-9a7e88812e7c
13f8d5ef-b4d1-4dc1-a6ee-31410720affd.jpg,77dfc97a-5e7b-484a-9ee7-13c64fbd6e44
1586c2cf-d3b9-4091-88b4-7dbbb4499511.jpg,fdbb4c2a-46cf-4135-a0a8-6b78cce8a5cd
17718875-40f4-44d3-b9c8-4823b0dcf8fd.jpg,1861efc4-11d6-4609-8187-aaa501d23731
192bdaf3-f9a0-4661-8d6b-33a51e5cc9cc.jpg,a320a601-ec71-481d-b537-7c12bcaff3b2
1ae17eea-d166-4d09-8488-d56e90f3a2ec.jpg,5e997973-7aaf-460c-9526-006ae2426c9e
1bbadd79-7c1d-4db3-9765-197ce9d62096.jpg,52a6f606-c38e-42b4-98ab-a26c04a74aa2
1c3765f2-c2a6-4c07-ac03-5bb693fb7a55.jpg,3b06a46a-61d9-46d3-9a11-2602824fdd34
1fabe520-32f0-4e85-8102-e8c2b28e6428.jpg,5bce7856-13e4-4e36-80d5-211b160d4d1f
1fe70f25-fe6f-4d3f-87e1-393f790afd9e.jpg,df3dcdcb-18c7-4c2e-be6e-a9653258b431
240db68c-2364-4512-a7d8-5d02388a2f98.jpg,433e1c04-38bd-48e1-a440-6934319702d8
2553fa79-b50a-4614-a420-ee997652adc4.jpg,45181b24-6213-49c5-ba6e-bd0af9c5ce36
25affe0e-5589-49d0-b79c-f432af149f86.jpg,8df073d7-dcab-44c6-93e6-02fc6112f5cb
282f51c2-f2e8-4f84-a6d0-0367e63ed3a9.jpg,23b3acf4-e90e-423f-8f8e-434d749ea566
297801aa-a5fa-41b8-b9f9-31916f96319d.jpg,47a87627-47f4-4808-8838-02f3f7740922
2bd10493-a740-4110-af5d-45671cb6e55d.jpg,a233767a-662a-4401-bca8-5c1e00a7acef
2c7aa27c-117d-4487-b9b3-1e9c925b7dd4.jpg,814e4718-0a3a-4b98-a88b-fcca9569063a
2c983a12-8b8e-4e00-9ebb-5edc86b90a6d.jpg,b665f81b-0604-46e7-abae-be1043fa7b3c
2c9adac5-c88b-4262-bf8f-4b9feacffb22.jpg,a776e74e-68f7-4fdd-b6d2-205d05758bd7
2cce5a7d-1c04-402d-928e-11dfdb04e383.jpg,8a6ab1d5-e84b-4532-aaad-e0344b39533b
30472b2e-e0e4-4087-9d5a-1e933dfaffdb.jpg,0c094805-eef8-450c-8e49-7cffe66a5526
32454f75-374c-4209-a4ba-a10c7d245600.jpg,dcddf1af-3114-4d54-8143-a6808b4b2c81
3546c374-594b-40a1-b5bf-f0eb715d78bf.jpg,dc40b59c-ef2b-4491-8b3e-789186eae8bb
39c4c8c6-3378-47e3-98fe-db1d2f9691cd.jpg,df5ea5ea-57d4-4aa0-aadf-115ffbfc9cba
39c54417-eb13-4765-a8b9-5121bd95dcc9.jpg,90fca432-2295-41f3-9462-1f1f1801d6ac
3cd204ab-c692-4d6d-8957-4fb33cd0fd14.jpg,64e6b65b-2f94-486d-9f0c-8c5aab0e4078
3ce74345-61b7-4dc1-8e00-45fae82fb662.jpg,de6ed72c-19bc-4d6a-805c-f2bd08da7a14
3e712373-476f-4d19-879f-8e2cff25fb70.jpg,2c63ac73-03cf-41a2-a01e-9ed6fcfeb15a
3e8ed783-096f-4632-8e4c-99982b674922.jpg,2b41d30c-9850-4e77-9c9a-7155b223e06c
4014eefe-56af-4b88-8094-3fac1bb2d6b1.jpg,dd03a109-ca4a-400d-852d-cd47fbe42028
415a7679-dcbf-45c0-ad9d-0c93dfa62a86.jpg,a68d234b-19cb-4dfe-a7b4-e1e3351f1a06
41caf456-4a47-4548-9e6f-0c51587f01e1.jpg,d384b92e-c339-4be3-a7b6-b45821e23026
42904b01-3640-42c5-951c-a1663181f5d6.jpg,b4be530d-a466-4fa5-b6c1-ab8262752ded
42f00f50-f2ff-4712-aa7f-15d931152317.jpg,3243a1cf-d747-4c3c-82a8-969a399e66ef
445c104b-e92d-4781-9210-66851dda8edc.jpg,e3d8741e-fdcc-4118-a21d-37dd48d0d0f7
463d1272-02c2-4f50-88e5-534105a34aab.jpg,beea5043-52c0-4040-989d-e71f197c8539
490276a8-c7fb-4d22-8392-265b4b439d0a.jpg,2d1f9967-a04d-4895-8aed-cd8c8b68cc85
498a1692-707e-448f-8b83-8d81f22f9ab4.jpg,e313db8f-6191-44bc-b443-f1c8b4e108ef
4bf62fc8-003c-4f3d-a054-af473f16a236.jpg,a1dc9b96-681e-4f87-a353-0b51736d8ab0
4dda92f5-647e-46a0-8d0b-36712b4ef1a3.jpg,daeb1b93-36c4-411c-8470-6b93b3e49285
5101f7f1-1b23-468d-a1cf-36141ac7f250.jpg,b67721f3-9832-4cf4-8660-813daba4e3f5
538c27d2-81d5-47b8-a63e-5a701276132d.jpg,a0cd77f5-9e80-4083-acb2-16a8faccb2d9
541d4afb-15cd-4f22-badc-fd01127c8530.jpg,3e919252-b505-495f-b7f0-11053b898c20
5732c45a-37c7-4403-b3d2-d823dd2cf358.jpg,48f570cd-267f-4a61-bdd8-f5021f2bb453
5c6b6e6d-5ef3-412d-899f-faa8aa17749c.jpg,2e1c87b2-bada-4cc4-92de-9e665ceff47d
6056ca29-f01a-4074-bacb-0289367b6b56.jpg,742c4378-1ee6-4ce8-bcd3-d7bc65f62b1e
612f57ab-d775-457f-9026-e41545ae81f7.jpg,1c3cc3af-28ff-41ea-b4ea-d3ffb51466b1
61814a87-acfe-4971-ac48-9c4a743ed86b.jpg,291f97b3-f955-4230-b745-c12992cbc9a2
63714143-61bc-4baf-bff2-4b6132aac7cc.jpg,1ea660b7-f553-4b3f-bf80-8007753c78a2
643f6323-2425-4dbf-8e42-61564b966e63.jpg,89b0e02f-4ca7-4412-99ae-d5fc9ad7c36d
69bddab0-b5c0-4549-ae6d-dafc5b0c1026.jpg,60515fef-8305-46d3-890b-9ebeb7fb9633
6b353d09-a91e-4f9f-971a-39e213dab910.jpg,c109ac61-72e6-4824-afca-42d9946f4251
6bac1cb8-0ed2-40ac-bff4-d5ffbc79ca6b.jpg,dcfb7768-a752-423b-b8b0-f9da49eaed0f
6df35f32-2010-47de-a3c9-677e642402d7.jpg,11bc8237-1283-42f1-9988-03009cc95684
70f0461f-2340-4bb5-a659-3f19bef84151.jpg,ba2f02a3-8dc9-4759-a29b-8374b6bc5a0b
711b788a-a276-4055-bd38-f067050399a2.jpg,02cacd27-df13-402c-83cc-043b1c747eac
72cc7dd0-d09a-4607-997e-6204e3484188.jpg,9811b692-1e0b-4935-9086-20fa90e20873
738805ac-48e4-45da-b5f3-cc46d69729e3.jpg,e9202d7f-265d-4514-bcee-54b7d431ab1e
73ce1511-9f7e-4c4a-8704-5c4ed76d35f0.jpg,427149d7-f1f6-40ef-baa7-1a553dad9f3a
76d12c6b-ebfc-4499-b8d5-cf5efbcb20fe.jpg,42cb1b98-62d0-4896-a8cb-3c1d12dfb27f
7841ff69-ffc8-48e6-b89f-a48234195264.jpg,76b4c339-d04c-4f05-b7de-1b8e08115e29
7888b22e-61b2-4094-976c-1ab5698665e5.jpg,ce8960a4-7d81-4f94-9b55-c63957527476
7905bf41-95dd-47d3-b531-42ceac112941.jpg,41e85bd6-8c79-4a8f-b8d1-966afa85f131
7aa159be-d846-4b78-aae7-2ccaf83f01bd.jpg,2723a4b7-83a4-456c-8493-032b4e8cce14
7bcfbc29-1dd9-484f-999e-113b755e48f2.jpg,1b2a599a-290a-4273-a16d-389b593620f0
83b248e2-aa9e-4b77-a433-b5e00817e6cb.jpg,8d05d1dc-36d6-49e9-9671-68ee43608f55
83e8173c-b8fa-45b1-ad88-fc70743ec148.jpg,d1d00125-89e0-4ea1-a963-9455ec80c695
840edd84-0cc8-4147-b2d4-42c33f07685b.jpg,0e62958e-0c60-4e3e-ae5c-ce9371a568eb
8675b223-09a1-4389-b097-befbf8587681.jpg,39545215-b05b-4242-9dd0-f24749384494
87199c0d-1a24-4c37-8259-2b26ad9bf74d.jpg,881c8624-2648-4330-8c5d-96ee5b5788f1
87d4dcf3-99af-4943-b128-9d4ee8b3ad6d.jpg,6cde7d4f-2ec5-453f-b848-32e52facd1e0
89b3fd36-635f-4fb0-a3fc-d175efd727cc.jpg,6d00f9d1-816d-4acc-a2e2-c36b0449a12d
8cd0026d-f52d-4e73-bbe8-653fa951bc03.jpg,f86dcf5c-2d39-4b1c-8b4c-9d7c446dd76d
8d1a2aa6-6780-4fcf-9ef8-bc4276d6ead8.jpg,827f93c1-4de5-42fb-8b77-8a5b0a38fcf4
8d3f342f-a2a0-4698-acee-bd8abe202753.jpg,0a4cc434-ce83-49fc-9201-5de2c681e385
91666658-c76a-4fea-a438-526b7f648c2a.jpg,00cd11b9-9933-419f-b8e8-6c4ad2ca07ce
93b23543-a87d-42ea-a08d-83dc92c5ee1f.jpg,4aa8c940-e482-4c67-93dc-36f189bcee67
93ba0653-731e-4051-83c6-4721045ee73a.jpg,d17701a8-77bb-49ee-bdca-80988be9c809
961eb079-ee9f-465e-9f5f-e981aa0b43a8.jpg,608f2d8b-fd0d-4765-ba66-cb750533c2e2
97d9afd6-6cc6-45ac-b57f-57647efe30af.jpg,30b59d14-5f61-40a5-8a81-e06e455d2f77
9fdc8739-7297-40b7-bfd7-ead0cebd9e5d.jpg,5cefeab0-ed28-4922-81cd-3380d03901d8
a14046d5-da37-40c8-8fde-d2ee1eb5810f.jpg,397a8d85-fe9f-4a47-8be8-ed3aa922ffd3
a2a354cc-533b-4a41-ab9f-600eb9065cfe.jpg,ecf8aaaa-5d76-4e2e-999d-591e5a9c4e21
a37e6425-ea4d-4bf8-b77d-caef799ddda8.jpg,79e9c738-3fa7-4f31-9b07-ca38673419be
a5cd9ee6-0263-40a1-ac3c-223a2751a496.jpg,88156481-bb29-4b55-90f7-d3bfe7fe154d
a8c67ffb-8e60-4dd6-aaa6-0c877989cf44.jpg,45952e3e-a3fa-419a-96be-cb4b3545c4c6
a93a8f16-0ba2-4629-8cac-c3f5ad8353a5.jpg,b388134a-7802-4219-a75e-58447ecdbc46
b15b8e2f-66cb-4b1f-a0b4-6e88b3c8912f.jpg,c191a046-d8e6-4558-81e1-35c1e2930a8f
b274f186-433d-4b80-ac14-030dd4e44ad7.jpg,55f8ca93-a5b2-48d5-a9c0-9c9cf66d2fe6
b384e1a8-b56d-49c2-92dd-1b2a17db1774.jpg,22386bbd-97b6-4a1c-95c4-e39c8270ac03
b4527269-ba04-440c-9dab-a198aeaa944e.jpg,3fbd4921-c666-4a2b-b85a-7d66b6b8b358
b4a7060c-0fd3-4896-9c6c-dc1f6f98147d.jpg,a6b353b2-d092-4d49-bc9b-43185d6604da
b544355d-52d4-4db7-a66b-57a7411a3b1e.jpg,5a88c993-06f9-4151-9bc2-e4e5a93cbe97
bb2de31f-3864-4832-84fd-0d04c7152f06.jpg,78806020-83fc-41dd-a66c-216ce7e6aab7
bea7acb4-3bc2-4be1-ae41-f60ce3a0f059.jpg,b9182e8b-99f5-44e2-ad70-cac234af3cdf
befbb12a-9b01-4ee9-9aa6-26567b8f3407.jpg,ab8817c6-1eef-4df3-96da-070b852873b1
bf5b59d2-6f1d-460d-82db-67345870ad1a.jpg,e6bbd9e5-99a9-424b-9662-d25c5cef77d8
c4d7b45a-91c5-4eb8-9c9c-efe4d6bc8080.jpg,1a4fb3d0-fa24-4da6-8fec-b8dc0bf38210
c6338acf-99da-4f81-a3c2-537691436570.jpg,83b6f7b7-c037-4cd3-85e4-1e288757ad38
c78cdc91-f286-4653-a26c-a76d2b1dcece.jpg,bec276b1-5259-4aeb-95ca-72debd21c67f
ccaa4365-d766-490b-a6b0-0de5c277c037.jpg,24d596fe-0526-45ac-a4b9-4c31ca0f346a
cdd37e34-2e2e-4022-84b3-b724b7787ae0.jpg,c1b0761b-b185-478b-80f9-d6a66fb1ed58
cdee2ef2-d7d2-4a82-9d4a-2b3e2e364dad.jpg,e3f6b878-894e-4e98-8e74-eb389d5db8fd
cdfdacab-dfca-432b-8bf3-b3ae21c7ef41.jpg,4405da6c-613d-4a91-9c32-c543bf379422
ce743923-a5fb-4068-9096-9b0072fbbdb8.jpg,cb96a0bf-d1f9-4e30-b7db-e9018a51cddd
ce7a5bcf-317c-49a5-ba00-d3166472b84a.jpg,58a85a8c-5006-412f-9fb7-ce0f5f248f17
cee2dbec-7d49-4b14-a85a-c9669735ab25.jpg,7d5c83b7-056f-4f84-a71f-7d8350e4b1c5
d7c97f64-00c1-4b96-8ad9-c65022ede3a7.jpg,ba20ee75-e02e-4699-8a77-0e327bccfd18
dc3880b2-97ac-431a-b8a5-9866f95ea558.jpg,99405875-a6c5-438c-8ae5-bb8c589ac33f
df826955-8ce0-4951-978f-e474b19ee69a.jpg,12068b3d-028a-446e-a05f-02e564a5cf3e
e0007f5a-bef0-4e14-8ae8-182edd5c69b0.jpg,a2dfe73a-e4f0-4bb3-9991-43543e716061
e15476c6-0960-4e42-b9b0-5d01349df4b4.jpg,433450e7-efb0-45a5-a2a2-ceb1b9ae100f
e2538c40-5c1f-42f3-8d5f-9bf9310f6abe.jpg,fc47f09a-9689-4dd7-9f1c-5d2575fff051
e35246dd-951e-498a-9ad7-f0c7ff18cadb.jpg,97487986-4b7c-4ace-af8e-5cacc0f7a85d
e6e36d9d-3cfb-4ee9-b410-f313f944b776.jpg,c9e87a90-620e-437f-b99c-83ecad8d6478
e8173e2b-0e1a-4ed2-8126-e8a10949c2a4.jpg,d0195ec3-3b55-4ac7-aba9-c1f4f19aebad
e8268259-6904-4570-8785-19d879f31aaa.jpg,876d0d62-0a15-4813-98b1-5092948cfd26
e89b895c-d1bc-486b-98e2-ffbdf549784e.jpg,d2acfe7d-2908-4692-8c8b-5b6b351cc3ed
f044afbf-131a-4ea7-90cc-8a09115aa85e.jpg,76161aa6-a82f-46f2-8ad9-88ce03838f8b
f2637b43-4fc6-402f-8ad4-b319e80f117e.jpg,14df1f12-360d-4223-b438-12c0d5e4e079
f3e39d33-0546-45e1-90ce-81362cf2d52a.jpg,f212caff-e086-4896-a415-3667699c5e5d
f946a499-a072-48f7-931c-fb905e915b00.jpg,d289760b-b07d-4b4d-bb6e-4f0724a4509a
fb243a81-be7d-4950-907b-089bc3b37b85.jpg,cab7e216-6d6a-4dfe-93be-19abf2d9f670
fcd7de4c-2552-4d83-b1fa-d42abfcbad35.jpg,67481926-c755-4f1b-ae97-a2e46f2e2579
ffadafd6-f23b-4cb7-ac7d-d0e3097e58fe.jpg,c59cf2d8-dec0-4af0-aa26-17b18d24b5ef
